Taxon.number,Genus.species,Species,On morphosource?,How many?,Use?,Link,Link2,Link3,Link4,Link5,
1,Polypterus,,Y,1,,https://www.morphosource.org/Detail/MediaDetail/Show/media_id/16753,,,,,
2,Acipenser,,N,,,,,,,,
3,Polyodon spatula,,N,,,,,,,,
4,Amia calva,,Y,1,,https://www.morphosource.org/Detail/MediaDetail/Show/media_id/15309,,,,,
5,Atractosteus,,Y,1,,https://www.morphosource.org/Detail/MediaDetail/Show/media_id/29218,,,,,
5,Lepisosteus,,Y,2,,https://www.morphosource.org/Detail/MediaDetail/Show/media_id/15318,https://www.morphosource.org/Detail/MediaDetail/Show/media_id/16487,,,,
6,Atractosteus,,5,,,,,,,,
6,Lepisosteus,,5,,,,,,,,
7,Megalops,,Y,3,,https://www.morphosource.org/Detail/MediaDetail/Show/media_id/22371,https://www.morphosource.org/Detail/MediaDetail/Show/media_id/22442,https://www.morphosource.org/Detail/MediaDetail/Show/media_id/29077,,,
8,Osteoglossum bicirrhosum,,Y,3,,https://www.morphosource.org/Detail/MediaDetail/Show/media_id/16471,https://www.morphosource.org/Detail/MediaDetail/Show/media_id/26519,https://www.morphosource.org/Detail/SpecimenDetail/Show/specimen_id/13255,,,
9,Heterotis niloticus,,Y,2,,https://www.morphosource.org/Detail/SpecimenDetail/Show/specimen_id/13287,https://www.morphosource.org/Detail/SpecimenDetail/Show/specimen_id/13287,,,,
10,Clupea,,Y,1,,https://www.morphosource.org/Detail/SpecimenDetail/Show/specimen_id/6226,,,,,
11,Harengula,,N,,,,,,,,
12,Sardinella,,Y,5,,https://www.morphosource.org/Detail/SpecimenDetail/Show/specimen_id/7099,https://www.morphosource.org/Detail/SpecimenDetail/Show/specimen_id/7100,https://www.morphosource.org/Detail/MediaDetail/Show/media_id/16526,https://www.morphosource.org/Detail/MediaDetail/Show/media_id/26474,https://www.morphosource.org/Detail/SpecimenDetail/Show/specimen_id/13232,
13,Opisthonema,,Y,1,,https://www.morphosource.org/Detail/SpecimenDetail/Show/specimen_id/7316,,,,,
14,Anchoa,,Y,2,,https://www.morphosource.org/Detail/SpecimenDetail/Show/specimen_id/6162,https://www.morphosource.org/Detail/SpecimenDetail/Show/specimen_id/7166,,,,
15,Sardinops sagax,,Y,2,,https://www.morphosource.org/Detail/SpecimenDetail/Show/specimen_id/7317,https://www.morphosource.org/Detail/SpecimenDetail/Show/specimen_id/7325,,,,
16,Chanos chanos,,N,,,,,,,,
17,Hypophthalmichthys,,N,,,,,,,,
18,Danio,,Y,1,,https://osf.io/2c59z/wiki/home/,,,,,
19,Cyprinus carpio,,N,,,,,,,,
20,Carassius auratus,,N,,,,,,,,
22,Acanthopsoides,,N,,,,,,,,
22,Acantopsis,,N,,,,,,,,
22,Ambastaia,,N,,,,,,,,
22,Bibarba,,N,,,,,,,,
22,Botia,,N,,,,,,,,
22,Canthophrys,,N,,,,,,,,
22,Chromobotia,,Y,2,,https://www.morphosource.org/Detail/MediaDetail/Show/media_id/19992,https://www.morphosource.org/Detail/MediaDetail/Show/media_id/19993,,,,
22,Cobitis,,Y,1,,https://www.morphosource.org/Detail/SpecimenDetail/Show/specimen_id/13350,,,,,
22,Iksookimia,,N,,,,,,,,
22,Kichulchoia,,N,,,,,,,,
22,Koreocobitis,,N,,,,,,,,
22,Kottelatlimia,,Y,2,,https://www.morphosource.org/Detail/SpecimenDetail/Show/specimen_id/13324,https://www.morphosource.org/Detail/SpecimenDetail/Show/specimen_id/13324,,,,
22,Lepidocephalichthys,,Y,1,,https://www.morphosource.org/Detail/SpecimenDetail/Show/specimen_id/13313,,,,,
22,Lepidocephalus,,N,,,,,,,,
22,Leptobotia,,N,,,,,,,,
22,Microcobitis,,N,,,,,,,,
22,Misgurnus,,Y,1,,https://www.morphosource.org/Detail/SpecimenDetail/Show/specimen_id/13341,,,,,
22,Neoeucirrhichthys,,N,,,,,,,,
22,Niwaella,,N,,,,,,,,
22,Pangio,,Y,1,,https://www.morphosource.org/Detail/SpecimenDetail/Show/specimen_id/13314,,,,,
22,Parabotia,,N,,,,,,,,
22,Paralepidocephalus,,N,,,,,,,,
22,Paramisgurnus,,N,,,,,,,,
22,Protocobitis,,N,,,,,,,,
22,Sabanejewia,,Y,1,,https://www.morphosource.org/Detail/SpecimenDetail/Show/specimen_id/9400,,,,,
22,Sinibotia,,N,,,,,,,,
22,Syncrossus,,Y,1,,https://www.morphosource.org/Detail/SpecimenDetail/Show/specimen_id/13368,,,,,
22,Theriodes,,N,,,,,,,,
22,Yasuhikotakia,,Y,1,,https://www.morphosource.org/Detail/SpecimenDetail/Show/specimen_id/13372,,,,,
23,Acanthocharax,,N,,,,,,,,
23,Acestrocephalus,,N,,,,,,,,
23,Acinocheirodon,,N,,,,,,,,
23,Acrobrycon,,N,,,,,,,,
23,Amazonspinther,,N,,,,,,,,
23,Aphyocharacidium,,N,,,,,,,,
23,Aphyocharax,,N,,,,,,,,
23,Aphyocheirodon,,N,,,,,,,,
23,Aphyodite,,N,,,,,,,,
23,Argopleura,,N,,,,,,,,
23,Astyanacinus,,N,,,,,,,,
23,Astyanax,,Y,1,,https://www.morphosource.org/Detail/SpecimenDetail/Show/specimen_id/6225,,,,,
23,Atopomesus,,N,,,,,,,,
23,Attonitus,,N,,,,,,,,
23,Aulixidens,,N,,,,,,,,
23,Axelrodia,,N,,,,,,,,
23,Bario,,N,,,,,,,,
23,Boehlkea,,N,,,,,,,,
23,Brachychalcinus,,N,,,,,,,,
23,Bramocharax,,N,,,,,,,,
23,Brittanichthys,,N,,,,,,,,
23,Bryconacidnus,,N,,,,,,,,
23,Bryconadenos,,N,,,,,,,,
23,Bryconamericus,,N,,,,,,,,
23,Bryconella,,N,,,,,,,,
23,Bryconexodon,,N,,,,,,,,
23,Caiapobrycon,,N,,,,,,,,
23,Carlana,,N,,,,,,,,
23,Ceratobranchia,,N,,,,,,,,
23,Chalceus,,Y,1,,https://www.morphosource.org/Detail/SpecimenDetail/Show/specimen_id/6838,,,,,
23,Charax,,Y,3,,https://www.morphosource.org/Detail/SpecimenDetail/Show/specimen_id/9559,https://www.morphosource.org/Detail/SpecimenDetail/Show/specimen_id/9559,,,,
23,Cheirodon,,N,,,,,,,,
23,Cheirodontops,,N,,,,,,,,
23,Chrysobrycon,,N,,,,,,,,
23,Compsura,,N,,,,,,,,
23,Coptobrycon,,N,,,,,,,,
23,Corynopoma,,N,,,,,,,,
23,Creagrutus,,N,,,,,,,,
23,Ctenobrycon,,N,,,,,,,,
23,Ctenocheirodon,,N,,,,,,,,
23,Cyanocharax,,N,,,,,,,,
23,Cynopotamus,,N,,,,,,,,
23,Dectobrycon,,N,,,,,,,,
23,Deuterodon,,N,,,,,,,,
23,Diapoma,,N,,,,,,,,
23,Ectrepopterus,,N,,,,,,,,
23,Erythrocharax,,N,,,,,,,,
23,Exodon,,Y,1,,https://www.morphosource.org/Detail/SpecimenDetail/Show/specimen_id/8074,,,,,
23,Galeocharax,,N,,,,,,,,
23,Genycharax,,N,,,,,,,,
23,Gephyrocharax,,N,,,,,,,,
23,Glandulocauda,,N,,,,,,,,
23,Grundulus,,N,,,,,,,,
23,Gymnocharacinus,,N,,,,,,,,
23,Gymnocorymbus,,N,,,,,,,,
23,Gymnotichthys,,N,,,,,,,,
23,Hasemania,,N,,,,,,,,
23,Hemibrycon,,N,,,,,,,,
23,Hemigrammus,,N,,,,,,,,
23,Heterocheirodon,,N,,,,,,,,
23,Hollandichthys,,N,,,,,,,,
23,Hyphessobrycon,,N,,,,,,,,
23,Hypobrycon,,N,,,,,,,,
23,Hysteronotus,,N,,,,,,,,
23,Inpaichthys,,N,,,,,,,,
23,Iotabrycon,,N,,,,,,,,
23,Jupiaba,,N,,,,,,,,
23,Knodus,,N,,,,,,,,
23,Kolpotocheirodon,,N,,,,,,,,
23,Landonia,,N,,,,,,,,
23,Lepidocharax,,N,,,,,,,,
23,Leptagoniates,,N,,,,,,,,
23,Leptobrycon,,Y,1,,https://www.morphosource.org/Detail/SpecimenDetail/Show/specimen_id/11604,,,,,
23,Lophiobrycon,,N,,,,,,,,
23,Macropsobrycon,,N,,,,,,,,
23,Markiana,,N,,,,,,,,
23,Microgenys,,N,,,,,,,,
23,Microschemobrycon,,N,,,,,,,,
23,Mimagoniates,,N,,,,,,,,
23,Mixobrycon,,N,,,,,,,,
23,Moenkhausia,,N,,,,,,,,
23,Monotocheirodon,,N,,,,,,,,
23,Myxiops,,N,,,,,,,,
23,Nanocheirodon,,N,,,,,,,,
23,Nantis,,N,,,,,,,,
23,Nematobrycon,,N,,,,,,,,
23,Nematocharax,,N,,,,,,,,
23,Odontostilbe,,N,,,,,,,,
23,Odontostoechus,,N,,,,,,,,
23,Oligobrycon,,N,,,,,,,,
23,Oligosarcus,,N,,,,,,,,
23,Orthospinus,,N,,,,,,,,
23,Othonocheirodus,,N,,,,,,,,
23,Oxybrycon,,N,,,,,,,,
23,Paracheirodon,,N,,,,,,,,
23,Paragoniates,,N,,,,,,,,
23,Parapristella,,N,,,,,,,,
23,Parastremma,,N,,,,,,,,
23,Parecbasis,,N,,,,,,,,
23,Petitella,,N,,,,,,,,
23,Phallobrycon,,N,,,,,,,,
23,Phenacobrycon,,N,,,,,,,,
23,Phenacogaster,,N,,,,,,,,
23,Phenagoniates,,N,,,,,,,,
23,Piabarchus,,N,,,,,,,,
23,Piabina,,N,,,,,,,,
23,Planaltina,,N,,,,,,,,
23,Poptella,,N,,,,,,,,
23,Priocharax,,N,,,,,,,,
23,Prionobrama,,N,,,,,,,,
23,Pristella,,N,,,,,,,,
23,Probolodus,,N,,,,,,,,
23,Prodontocharax,,N,,,,,,,,
23,Psellogrammus,,N,,,,,,,,
23,Pseudochalceus,,N,,,,,,,,
23,Pseudocheirodon,,N,,,,,,,,
23,Pseudocorynopoma,,N,,,,,,,,
23,Pterobrycon,,N,,,,,,,,
23,Ptychocharax,,N,,,,,,,,
23,Rachoviscus,,N,,,,,,,,
23,Rhinobrycon,,N,,,,,,,,
23,Rhinopetitia,,N,,,,,,,,
23,Rhoadsia,,N,,,,,,,,
23,Roeboexodon,,N,,,,,,,,
23,Roeboides,,Y,6,,https://www.morphosource.org/Detail/SpecimenDetail/Show/specimen_id/8073,https://www.morphosource.org/Detail/SpecimenDetail/Show/specimen_id/8075,https://www.morphosource.org/Detail/SpecimenDetail/Show/specimen_id/8076,https://www.morphosource.org/Detail/SpecimenDetail/Show/specimen_id/8077,https://www.morphosource.org/Detail/SpecimenDetail/Show/specimen_id/8078,https://www.morphosource.org/Detail/SpecimenDetail/Show/specimen_id/9555
23,Saccoderma,,N,,,,,,,,
23,Schultzites,,N,,,,,,,,
23,Scissor,,N,,,,,,,,
23,Scopaeocharax,,N,,,,,,,,
23,Serrabrycon,,N,,,,,,,,
23,Serrapinnus,,N,,,,,,,,
23,Spintherobolus,,N,,,,,,,,
23,Stethaprion,,N,,,,,,,,
23,Stichonodon,,N,,,,,,,,
23,Stygichthys,,N,,,,,,,,
23,Tetragonopterus,,N,,,,,,,,
23,Thayeria,,N,,,,,,,,
23,Thrissobrycon,,N,,,,,,,,
23,Trochilocharax,,N,,,,,,,,
23,Tucanoichthys,,N,,,,,,,,
23,Tyttobrycon,,N,,,,,,,,
23,Tyttocharax,,N,,,,,,,,
23,Xenagoniates,,N,,,,,,,,
23,Xenurobrycon,,N,,,,,,,,
24,Pygocentrus,,Y,3,,https://www.morphosource.org/Detail/SpecimenDetail/Show/specimen_id/6798,https://www.morphosource.org/Detail/SpecimenDetail/Show/specimen_id/6806,https://www.morphosource.org/Detail/SpecimenDetail/Show/specimen_id/7440,,,
25,Hemigrammus,,N,,,,,,,,
26,Hydrocynus,,N,,,,,,,,
29,Ictalurus punctatus,,Y,2,,https://www.morphosource.org/Detail/SpecimenDetail/Show/specimen_id/6212,https://www.morphosource.org/Detail/SpecimenDetail/Show/specimen_id/12093,,,,
30,Acanthicus,,Y,1,,https://www.morphosource.org/Detail/SpecimenDetail/Show/specimen_id/12094,,,,,
30,Acestridium,,N,,,,,,,,
30,Ancistrus,,N,,,,,,,,
30,Aphanotorulus,,N,,,,,,,,
30,Apistoloricaria,,N,,,,,,,,
30,Aposturisoma,,N,,,,,,,,
30,Baryancistrus,,N,,,,,,,,
30,Brochiloricaria,,N,,,,,,,,
30,Chaetostoma,,Y,1,,https://www.morphosource.org/Detail/SpecimenDetail/Show/specimen_id/12338,,,,,
30,Cordylancistrus,,Y,1,,https://www.morphosource.org/Detail/SpecimenDetail/Show/specimen_id/11784,,,,,
30,Corumbataia,,N,,,,,,,,
30,Corymbophanes,,N,,,,,,,,
30,Crossoloricaria,,N,,,,,,,,
30,Cteniloricaria,,N,,,,,,,,
30,Dasyloricaria,,N,,,,,,,,
30,Dekeyseria,,N,,,,,,,,
30,Delturus,,N,,,,,,,,
30,Dentectus,,N,,,,,,,,
30,Dolichancistrus,,N,,,,,,,,
30,Epactionotus,,N,,,,,,,,
30,Etsaputu,,N,,,,,,,,
30,Eurycheilichthys,,N,,,,,,,,
30,Exastilithoxus,,N,,,,,,,,
30,Farlowella,,N,,,,,,,,
30,Fonchiiichthys,,N,,,,,,,,
30,Fonchiiloricaria,,N,,,,,,,,
30,Furcodontichthys,,N,,,,,,,,
30,Gymnotocinclus,,N,,,,,,,,
30,Harttia,,Y,1,,https://www.morphosource.org/Detail/SpecimenDetail/Show/specimen_id/11427,,,,,
30,Harttiella,,N,,,,,,,,
30,Hemiancistrus,,N,,,,,,,,
30,Hemiodontichthys,,N,,,,,,,,
30,Hemipsilichthys,,N,,,,,,,,
30,Hisonotus,,N,,,,,,,,
30,Hopliancistrus,,N,,,,,,,,
30,Hypancistrus,,N,,,,,,,,
30,Hypoptopoma,,N,,,,,,,,
30,Hypostomus,,N,,,,,,,,
30,Isbrueckerichthys,,N,,,,,,,,
30,Isorineloricaria,,N,,,,,,,,
30,Ixinandria,,N,,,,,,,,
30,Kronichthys,,N,,,,,,,,
30,Lamontichthys,,N,,,,,,,,
30,Lampiella,,N,,,,,,,,
30,Lasiancistrus,,N,,,,,,,,
30,Leporacanthicus,,Y,1,,https://www.morphosource.org/Detail/SpecimenDetail/Show/specimen_id/12095,,,,,
30,Leptoancistrus,,N,,,,,,,,
30,Limatulichthys,,N,,,,,,,,
30,Lipopterichthys,,N,,,,,,,,
30,Lithogenes,,N,,,,,,,,
30,Lithoxus,,N,,,,,,,,
30,Loraxichthys,,N,,,,,,,,
30,Loricaria,,N,,,,,,,,
30,Loricariichthys,,N,,,,,,,,
30,Macrotocinclus,,N,,,,,,,,
30,Megalancistrus,,N,,,,,,,,
30,Metaloricaria,,N,,,,,,,,
30,Micracanthicus,,N,,,,,,,,
30,Microlepidogaster,,N,,,,,,,,
30,Nannoplecostomus,,N,,,,,,,,
30,Neblinichthys,,N,,,,,,,,
30,Neoplecostomus,,N,,,,,,,,
30,Niobichthys,,N,,,,,,,,
30,Oligancistrus,,N,,,,,,,,
30,Otocinclus,,N,,,,,,,,
30,Otothyris,,N,,,,,,,,
30,Otothyropsis,,N,,,,,,,,
30,Oxyropsis,,N,,,,,,,,
30,Panaqolus,,N,,,,,,,,
30,Panaque,,Y,1,,https://www.morphosource.org/Detail/SpecimenDetail/Show/specimen_id/12340,,,,,
30,Paraloricaria,,N,,,,,,,,
30,Parancistrus,,N,,,,,,,,
30,Pareiorhaphis,,N,,,,,,,,
30,Pareiorhina,,N,,,,,,,,
30,Parotocinclus,,N,,,,,,,,
30,Paulasquama,,N,,,,,,,,
30,Peckoltia,,N,,,,,,,,
30,Planiloricaria,,N,,,,,,,,
30,Plesioptopoma,,N,,,,,,,,
30,Pogonopoma,,N,,,,,,,,
30,Proloricaria,,N,,,,,,,,
30,Pseudacanthicus,,N,,,,,,,,
30,Pseudancistrus,,N,,,,,,,,
30,Pseudohemiodon,,N,,,,,,,,
30,Pseudolithoxus,,N,,,,,,,,
30,Pseudoloricaria,,N,,,,,,,,
30,Pseudorinelepis,,N,,,,,,,,
30,Pseudotocinclus,,N,,,,,,,,
30,Pseudotothyris,,N,,,,,,,,
30,Pterosturisoma,,N,,,,,,,,
30,Pterygoplichthys,,N,,,,,,,,
30,Pyxiloricaria,,N,,,,,,,,
30,Reganella,,N,,,,,,,,
30,Rhadinoloricaria,,N,,,,,,,,
30,Rhinelepis,,N,,,,,,,,
30,Rhinolekos,,N,,,,,,,,
30,Ricola,,N,,,,,,,,
30,Rineloricaria,,N,,,,,,,,
30,Schizolecis,,N,,,,,,,,
30,Scobinancistrus,,N,,,,,,,,
30,Soromonichthys,,N,,,,,,,,
30,Spatuloricaria,,N,,,,,,,,
30,Spectracanthicus,,N,,,,,,,,
30,Squaliforma,,N,,,,,,,,
30,Sturisoma,,N,,,,,,,,
30,Sturisomatichthys,,N,,,,,,,,
31,Amissidens,,N,,,,,,,,
31,Amphiarius,,N,,,,,,,,
31,Ariopsis,,N,,,,,,,,
31,Arius,,N,,,,,,,,
31,Aspistor,,N,,,,,,,,
31,Bagre,,Y,,1,https://www.morphosource.org/Detail/SpecimenDetail/Show/specimen_id/7138,,,,,
31,Batrachocephalus,,N,,,,,,,,
31,Brustiarius,,N,,,,,,,,
31,Carlarius,,N,,,,,,,,
31,Cathorops,,N,,,,,,,,
31,Cephalocassis,,N,,,,,,,,
31,Cinetodus,,N,,,,,,,,
31,Cochlefelis,,N,,,,,,,,
31,Cryptarius,,N,,,,,,,,
31,Galeichthys,,N,,,,,,,,
31,Genidens,,N,,,,,,,,
31,Hemiarius,,N,,,,,,,,
31,Hexanematichthys,,N,,,,,,,,
31,Ketengus,,N,,,,,,,,
31,Nedystoma,,N,,,,,,,,
31,Nemapteryx,,N,,,,,,,,
31,Neoarius,,N,,,,,,,,
31,Netuma,,N,,,,,,,,
31,Notarius,,N,,,,,,,,
31,Occidentarius,,N,,,,,,,,
31,Osteogeneiosus,,N,,,,,,,,
31,Plicofollis,,N,,,,,,,,
31,Potamarius,,N,,,,,,,,
31,Potamosilurus,,N,,,,,,,,
31,Sciades,,N,,,,,,,,
32,Bathyclarias,,N,,,,,,,,
32,Channallabes,,N,,,,,,,,
32,Clariallabes,,N,,,,,,,,
32,Clarias,,Y,1,,https://www.morphosource.org/Detail/SpecimenDetail/Show/specimen_id/7393,,,,,
32,Dinotopterus,,N,,,,,,,,
32,Dolichallabes,,N,,,,,,,,
32,Encheloclarias,,N,,,,,,,,
32,Gymnallabes,,N,,,,,,,,
32,Heterobranchus,,N,,,,,,,,
32,Horaglanis,,N,,,,,,,,
32,Platyallabes,,N,,,,,,,,
32,Platyclarias,,N,,,,,,,,
32,Tanganikallabes,,N,,,,,,,,
32,Uegitglanis,,N,,,,,,,,
32,Xenoclarias,,N,,,,,,,,
33,Bagrichthys,,N,,,,,,,,
33,Bagroides,,N,,,,,,,,
33,Bagrus,,N,,,,,,,,
33,Batasio,,N,,,,,,,,
33,Chandramara,,N,,,,,,,,
33,Coreobagrus,,N,,,,,,,,
33,Hemibagrus,,N,,,,,,,,
33,Hemileiocassis,,N,,,,,,,,
33,Horabagrus,,N,,,,,,,,
33,Hyalobagrus,,N,,,,,,,,
33,Leiocassis,,N,,,,,,,,
33,Mystus,,Y,2,,https://www.morphosource.org/Detail/SpecimenDetail/Show/specimen_id/3857,https://www.morphosource.org/Detail/SpecimenDetail/Show/specimen_id/11868,,,,
33,Nanobagrus,,N,,,,,,,,
33,Pelteobagrus,,N,,,,,,,,
33,Pseudobagrus,,N,,,,,,,,
33,Pseudomystus,,N,,,,,,,,
33,Rama,,N,,,,,,,,
33,Rita,,Y,1,,https://www.morphosource.org/Detail/SpecimenDetail/Show/specimen_id/11856,,,,,
33,Sperata,,N,,,,,,,,
33,Tachysurus,,N,,,,,,,,
34,Bathylychnops,,N,,,,,,,,
34,Dolichopteroides,,N,,,,,,,,
34,Dolichopteryx,,Y,1,,https://www.morphosource.org/Detail/SpecimenDetail/Show/specimen_id/11377,,,,,
34,Ioichthys,,N,,,,,,,,
34,Macropinna,,N,,,,,,,,
34,Opisthoproctus,,N,,,,,,,,
34,Rhynchohyalus,,N,,,,,,,,
34,Winteria,,N,,,,,,,,
35,Glossanodon semifasciatus,,N,,,,,,,,
36,Esox,,Y,1,,https://www.morphosource.org/Detail/SpecimenDetail/Show/specimen_id/6211,,,,,
37,Salmo salar,,N,,,,,,,,
38,Oncorhynchus,,N,,,,,,,,
39,Thymallus arcticus,,N,,,,,,,,
40,Hypomesus pretiosus,,N,,,,,,,,
41,Bonapartia,,N,,,,,,,,
41,Cyclothone,,N,,,,,,,,
41,Diplophos,,N,,,,,,,,
41,Gonostoma,,Y,1,,https://www.morphosource.org/Detail/MediaDetail/Show/media_id/16499,,,,,
41,Manducus,,N,,,,,,,,
41,Margrethia,,N,,,,,,,,
41,Sigmops,,N,,,,,,,,
41,Triplophos,,N,,,,,,,,
41,Ichthyococcus,,Y,1,,https://www.morphosource.org/Detail/SpecimenDetail/Show/specimen_id/13261,,,,,
41,Phosichthys,,N,,,,,,,,
41,Pollichthys,,N,,,,,,,,
41,Polymetme,,N,,,,,,,,
41,Vinciguerria,,N,,,,,,,,
41,Woodsia,,N,,,,,,,,
41,Yarrella,,N,,,,,,,,
41,Araiophos,,N,,,,,,,,
41,Argyripnus,,N,,,,,,,,
41,Argyropelecus,,Y,4,,https://www.morphosource.org/Detail/SpecimenDetail/Show/specimen_id/6604,https://www.morphosource.org/Detail/SpecimenDetail/Show/specimen_id/6605,https://www.morphosource.org/Detail/SpecimenDetail/Show/specimen_id/6607,https://www.morphosource.org/Detail/SpecimenDetail/Show/specimen_id/6606,,
41,Danaphos,,N,,,,,,,,
41,Maurolicus,,N,,,,,,,,
41,Polyipnus,,Y,1,,https://www.morphosource.org/Detail/SpecimenDetail/Show/specimen_id/6536,,,,,
41,Sonoda,,N,,,,,,,,
41,Sternoptyx,,Y,1,,https://www.morphosource.org/Detail/SpecimenDetail/Show/specimen_id/6599,https://www.morphosource.org/Detail/SpecimenDetail/Show/specimen_id/6601,https://www.morphosource.org/Detail/SpecimenDetail/Show/specimen_id/6603,,,
41,Thorophos,,N,,,,,,,,
41,Valenciennellus,,N,,,,,,,,
41,Aristostomias,,N,,,,,,,,
41,Astronesthes,,N,,,,,,,,
41,Bathophilus,,N,,,,,,,,
41,Borostomias,,Y,1,,https://www.morphosource.org/Detail/SpecimenDetail/Show/specimen_id/13333,,,,,
41,Chauliodus,,Y,1,,https://www.morphosource.org/Detail/SpecimenDetail/Show/specimen_id/6206,,,,,
41,Chirostomias,,N,,,,,,,,
41,Echiostoma,,Y,1,,https://www.morphosource.org/Detail/MediaDetail/Show/media_id/26655,,,,,
41,Eupogonesthes,,N,,,,,,,,
41,Eustomias,,Y,1,,https://www.morphosource.org/Detail/SpecimenDetail/Show/specimen_id/6530,,,,,
41,Flagellostomias,,N,,,,,,,,
41,Grammatostomias,,N,,,,,,,,
41,Heterophotus,,N,,,,,,,,
41,Idiacanthus,,N,,,,,,,,
41,Leptostomias,,N,,,,,,,,
41,Malacosteus,,N,,,,,,,,
41,Melanostomias,,N,,,,,,,,
41,Neonesthes,,N,,,,,,,,
41,Odontostomias,,N,,,,,,,,
41,Opostomias,,N,,,,,,,,
41,Pachystomias,,N,,,,,,,,
41,Photonectes,,N,,,,,,,,
41,Photostomias,,N,,,,,,,,
41,Rhadinesthes,,N,,,,,,,,
41,Stomias,,Y,2,,https://www.morphosource.org/Detail/SpecimenDetail/Show/specimen_id/6621,https://www.morphosource.org/Detail/SpecimenDetail/Show/specimen_id/13256,,,,
41,Tactostoma,,N,,,,,,,,
41,Thysanactis,,N,,,,,,,,
41,Trigonolampa,,N,,,,,,,,
42,Alepisaurus,,N,,,,,,,,
43,Harpadon,,N,,,,,,,,
43,Saurida,,N,,,,,,,,
43,Synodus,,N,,,,,,,,
44,Benthosema,,N,,,,,,,,
44,Bolinichthys,,N,,,,,,,,
44,Centrobranchus,,N,,,,,,,,
44,Ceratoscopelus,,N,,,,,,,,
44,Diaphus,,N,,,,,,,,
44,Diogenichthys,,N,,,,,,,,
44,Electrona,,N,,,,,,,,
44,Gonichthys,,N,,,,,,,,
44,Gymnoscopelus,,N,,,,,,,,
44,Hintonia,,N,,,,,,,,
44,Hygophum,,N,,,,,,,,
44,Idiolychnus,,N,,,,,,,,
44,Krefftichthys,,N,,,,,,,,
44,Lampadena,,N,,,,,,,,
44,Lampanyctodes,,N,,,,,,,,
44,Lampanyctus,,N,,,,,,,,
44,Lampichthys,,N,,,,,,,,
44,Lepidophanes,,N,,,,,,,,
44,Lobianchia,,N,,,,,,,,
44,Loweina,,N,,,,,,,,
44,Metelectrona,,N,,,,,,,,
44,Myctophum,,N,,,,,,,,
44,Nannobrachium,,N,,,,,,,,
44,Notolychnus,,N,,,,,,,,
44,Notoscopelus,,N,,,,,,,,
44,Parvilux,,N,,,,,,,,
44,Protomyctophum,,N,,,,,,,,
44,Scopelopsis,,N,,,,,,,,
44,Stenobrachius,,N,,,,,,,,
44,Symbolophorus,,N,,,,,,,,
44,Taaningichthys,,N,,,,,,,,
44,Tarletonbeania,,N,,,,,,,,
44,Triphoturus,,N,,,,,,,,
45,Gadus morhua,,N,,,,,,,,
46,Gadus macrocephalus,,N,,,,,,,,
47,Coryphaena hippurus,,Y,1,,https://www.morphosource.org/Detail/SpecimenDetail/Show/specimen_id/12469,,,,,
48,Agrostichthys,,N,,,,,,,,
48,Regalecus,,N,,,,,,,,
49,Desmodema,,Y,1,,https://www.morphosource.org/Detail/SpecimenDetail/Show/specimen_id/13307,,,,,
49,Trachipterus,,N,,,,,,,,
49,Zu,,N,,,,,,,,
50,Lampris,,N,,,,,,,,
51,Monocentris,,Y,1,,https://www.morphosource.org/Detail/SpecimenDetail/Show/specimen_id/13311,,,,,
52,Anomalops,,N,,,,,,,,
52,Kryptophanaron,,N,,,,,,,,
52,Parmops,,N,,,,,,,,
52,Photoblepharon,,N,,,,,,,,
52,Phthanophaneron,,N,,,,,,,,
52,Protoblepharon,,N,,,,,,,,
53,Holocentrus adscensionis,,N,,,,,,,,
54,Porogadus miles,,Y,1,,https://www.morphosource.org/Detail/MediaDetail/Show/media_id/16467,,,,,
55,Porichthys notatus,,N,,,,,,,,
56,Allenbatrachus,,Y,1,,https://www.morphosource.org/Detail/SpecimenDetail/Show/specimen_id/7950,,,,,
56,Amphichthys,,Y,1,,https://www.morphosource.org/Detail/SpecimenDetail/Show/specimen_id/6277,,,,,
56,Aphos,,Y,1,,https://www.morphosource.org/Detail/SpecimenDetail/Show/specimen_id/7082,,,,,
56,Austrobatrachus,,N,,,,,,,,
56,Barchatus,,Y,2,,https://www.morphosource.org/Detail/SpecimenDetail/Show/specimen_id/6689,https://www.morphosource.org/Detail/SpecimenDetail/Show/specimen_id/6687,,,,
56,Batrachoides,,Y,7,,https://www.morphosource.org/Search/Index?search=Batrachoides,,,,,
56,Batrachomoeus,,Y,2,,https://www.morphosource.org/Search/Index?search=Batrachomoeus,,,,,
56,Batrichthys,,N,,,,,,,,
56,Bifax,,Y,1,,https://www.morphosource.org/Detail/SpecimenDetail/Show/specimen_id/7977,,,,,
56,Chatrabus,,Y,1,,https://www.morphosource.org/Detail/MediaDetail/Show/media_id/15400,,,,,
56,Colletteichthys,,Y,1,,https://www.morphosource.org/Detail/SpecimenDetail/Show/specimen_id/6690,,,,,
56,Daector,,Y,2,,https://www.morphosource.org/Search/Index?search=Daector,,,,,
56,Halobatrachus,,N,,,,,,,,
56,Halophryne,,Y,2,,https://www.morphosource.org/Search/Index?search=Halophryne,,,,,
56,Opsanus,,Y,3,,https://www.morphosource.org/Search/Index?search=Opsanus,,,,,
56,Perulibatrachus,,Y,1,,https://www.morphosource.org/Detail/SpecimenDetail/Show/specimen_id/6286,https://www.morphosource.org/Detail/SpecimenDetail/Show/specimen_id/7982,,,,
56,Porichthys,,Y,6,,https://www.morphosource.org/Search/Index?search=Porichthys,,,,,
56,Potamobatrachus,,N,,,,,,,,
56,Riekertia,,N,,,,,,,,
56,Sanopus,,Y,3,,https://www.morphosource.org/Search/Index?search=Sanopus,,,,,
56,Thalassophryne,,Y,2,,https://www.morphosource.org/Search/Index?search=Thalassophryne,,,,,
56,Triathalassothia,,Y,1,,,,,,,
56,Vladichthys,,Y,1,,,,,,,
57,Aboma,,N,,,,,,,,
57,Acanthogobius,,N,,,,,,,,
57,Acentrogobius,,N,,,,,,,,
57,Afurcagobius,,N,,,,,,,,
57,Akihito,,N,,,,,,,,
57,Akko,,N,,,,,,,,
57,Amblychaeturichthys,,N,,,,,,,,
57,Amblyeleotris,,N,,,,,,,,
57,Amblygobius,,N,,,,,,,,
57,Amblyotrypauchen,,N,,,,,,,,
57,Amoya,,N,,,,,,,,
57,Anatirostrum,,N,,,,,,,,
57,Ancistrogobius,,N,,,,,,,,
57,Antilligobius,,N,,,,,,,,
57,Aphia,,N,,,,,,,,
57,Apocryptes,,N,,,,,,,,
57,Apocryptodon,,N,,,,,,,,
57,Arcygobius,,N,,,,,,,,
57,Arenigobius,,N,,,,,,,,
57,Aruma,,N,,,,,,,,
57,Asterropteryx,,N,,,,,,,,
57,Astrabe,,N,,,,,,,,
57,Aulopareia,,Y,1,,,,,,,
57,Austrolethops,,N,,,,,,,,
57,Awaous,,N,,,,,,,,
57,Babka,,N,,,,,,,,
57,Barbulifer,,Y,1,,,,,,,
57,Barbuligobius,,N,,,,,,,,
57,Bathygobius,,N,,,,,,,,
57,Benthophiloides,,N,,,,,,,,
57,Benthophilus,,N,,,,,,,,
57,Boleophthalmus,,N,,,,,,,,
57,Bollmannia,,N,,,,,,,,
57,Brachyamblyopus,,N,,,,,,,,
57,Brachygobius,,N,,,,,,,,
57,Bryaninops,,N,,,,,,,,
57,Buenia,,N,,,,,,,,
57,Cabillus,,N,,,,,,,,
57,Caecogobius,,N,,,,,,,,
57,Caffrogobius,,N,,,,,,,,
57,Callogobius,,N,,,,,,,,
57,Caragobius,,N,,,,,,,,
57,Caspiosoma,,N,,,,,,,,
57,Chaenogobius,,N,,,,,,,,
57,Chaeturichthys,,N,,,,,,,,
57,Chlamydogobius,,N,,,,,,,,
57,Chriolepis,,N,,,,,,,,
57,Chromogobius,,Y,1,,,,,,,
57,Clariger,,N,,,,,,,,
57,Clevelandia,,N,,,,,,,,
57,Corcyrogobius,,N,,,,,,,,
57,Coryogalops,,N,,,,,,,,
57,Coryphopterus,,N,,,,,,,,
57,Cotylopus,,N,,,,,,,,
57,Cristatogobius,,N,,,,,,,,
57,Croilia,,N,,,,,,,,
57,Cryptocentroides,,N,,,,,,,,
57,Cryptocentrus,,N,,,,,,,,
57,Crystallogobius,,N,,,,,,,,
57,Ctenogobiops,,N,,,,,,,,
57,Ctenogobius,,N,,,,,,,,
57,Ctenotrypauchen,,N,,,,,,,,
57,Deltentosteus,,N,,,,,,,,
57,Didogobius,,N,,,,,,,,
57,Discordipinna,,N,,,,,,,,
57,Drombus,,N,,,,,,,,
57,Ebomegobius,,N,,,,,,,,
57,Echinogobius,,N,,,,,,,,
57,Economidichthys,,N,,,,,,,,
57,Egglestonichthys,,N,,,,,,,,
57,Ego,,N,,,,,,,,
57,Elacatinus,,N,,,,,,,,
57,Eleotrica,,N,,,,,,,,
57,Enypnias,,N,,,,,,,,
57,Eucyclogobius,,N,,,,,,,,
57,Eugnathogobius,,N,,,,,,,,
57,Eutaeniichthys,,N,,,,,,,,
57,Evermannia,,N,,,,,,,,
57,Evermannichthys,,N,,,,,,,,
57,Eviota,,N,,,,,,,,
57,Evorthodus,,N,,,,,,,,
57,Exyrias,,N,,,,,,,,
57,Favonigobius,,N,,,,,,,,
57,Feia,,N,,,,,,,,
57,Fusigobius,,N,,,,,,,,
57,Gammogobius,,N,,,,,,,,
57,Gillichthys,,Y,1,,,,,,,
57,Ginsburgellus,,N,,,,,,,,
57,Gladiogobius,,N,,,,,,,,
57,Glossogobius,,N,,,,,,,,
57,Gnatholepis,,N,,,,,,,,
57,Gobiodon,,N,,,,,,,,
57,Gobioides,,N,,,,,,,,
57,Gobionellus,,N,,,,,,,,
57,Gobiopsis,,N,,,,,,,,
57,Gobiopterus,,Y,1,,,,,,,
57,Gobiosoma,,N,,,,,,,,
57,Gobius,,Y,1,,,,,,,
57,Gobiusculus,,N,,,,,,,,
57,Gobulus,,N,,,,,,,,
57,Gorogobius,,N,,,,,,,,
57,Grallenia,,N,,,,,,,,
57,Gymneleotris,,N,,,,,,,,
57,Gymnoamblyopus,,N,,,,,,,,
57,Gymnogobius,,N,,,,,,,,
57,Hazeus,,N,,,,,,,,
57,Hemigobius,,N,,,,,,,,
57,Hetereleotris,,N,,,,,,,,
57,Heterogobius,,N,,,,,,,,
57,Heteroplopomus,,N,,,,,,,,
57,Hyrcanogobius,,N,,,,,,,,
57,Ilypnus,,N,,,,,,,,
57,Istigobius,,N,,,,,,,,
57,Karsten,,N,,,,,,,,
57,Kelloggella,,N,,,,,,,,
57,Knipowitschia,,N,,,,,,,,
57,Koumansetta,,N,,,,,,,,
57,Larsonella,,N,,,,,,,,
57,Lebetus,,N,,,,,,,,
57,Lentipes,,N,,,,,,,,
57,Lepidogobius,,N,,,,,,,,
57,Lesueurigobius,,N,,,,,,,,
57,Lethops,,N,,,,,,,,
57,Leucopsarion,,N,,,,,,,,
57,Lobulogobius,,N,,,,,,,,
57,Lophiogobius,,N,,,,,,,,
57,Lophogobius,,N,,,,,,,,
57,Lotilia,,N,,,,,,,,
57,Lubricogobius,,N,,,,,,,,
57,Luciogobius,,N,,,,,,,,
57,Luposicya,,N,,,,,,,,
57,Lythrypnus,,N,,,,,,,,
57,Macrodontogobius,,N,,,,,,,,
57,Mahidolia,,N,,,,,,,,
57,Mangarinus,,N,,,,,,,,
57,Mauligobius,,N,,,,,,,,
57,Mesogobius,,N,,,,,,,,
57,Microgobius,,N,,,,,,,,
57,Millerigobius,,N,,,,,,,,
57,Minysicya,,N,,,,,,,,
57,Mistichthys,,N,,,,,,,,
57,Mugilogobius,,N,,,,,,,,
57,Myersina,,N,,,,,,,,
57,Nematogobius,,N,,,,,,,,
57,Neogobius,,N,,,,,,,,
57,Nes,,N,,,,,,,,
57,Nesogobius,,N,,,,,,,,
57,Obliquogobius,,N,,,,,,,,
57,Odondebuenia,,N,,,,,,,,
57,Odontamblyopus,,N,,,,,,,,
57,Oligolepis,,N,,,,,,,,
57,Ophiogobius,,N,,,,,,,,
57,Oplopomops,,N,,,,,,,,
57,Oplopomus,,N,,,,,,,,
57,Opua,,N,,,,,,,,
57,Oxuderces,,N,,,,,,,,
57,Oxyurichthys,,N,,,,,,,,
57,Padogobius,,N,,,,,,,,
57,Paedogobius,,N,,,,,,,,
57,Palatogobius,,N,,,,,,,,
57,Palutrus,,N,,,,,,,,
57,Pandaka,,N,,,,,,,,
57,Papuligobius,unoporis,Y,1,,,,,,,
57,Parachaeturichthys,,N,,,,,,,,
57,Paragobiodon,,N,,,,,,,,
57,Parapocryptes,,N,,,,,,,,
57,Parasicydium,,N,,,,,,,,
57,Paratrimma,,N,,,,,,,,
57,Paratrypauchen,,N,,,,,,,,
57,Parawaous,,N,,,,,,,,
57,Pariah,,N,,,,,,,,
57,Parkraemeria,,N,,,,,,,,
57,Parrella,,N,,,,,,,,
57,Pascua,,N,,,,,,,,
57,Periophthalmodon,,N,,,,,,,,
57,Periophthalmus,,N,,,,,,,,
57,Phoxacromion,,N,,,,,,,,
57,Phyllogobius,,N,,,,,,,,
57,Platygobiopsis,,N,,,,,,,,
57,Pleurosicya,,N,,,,,,,,
57,Polyspondylogobius,,N,,,,,,,,
57,Pomatoschistus,,N,,,,,,,,
57,Ponticola,,N,,,,,,,,
57,Porogobius,,N,,,,,,,,
57,Priolepis,,N,,,,,,,,
57,Proterorhinus,,N,,,,,,,,
57,Psammogobius,,N,,,,,,,,
57,Pseudaphya,,N,,,,,,,,
57,Pseudapocryptes,,N,,,,,,,,
57,Pseudogobiopsis,,N,,,,,,,,
57,Pseudogobius,,N,,,,,,,,
57,Pseudorhinogobius,,N,,,,,,,,
57,Pseudotrypauchen,,N,,,,,,,,
57,Psilogobius,,N,,,,,,,,
57,Psilotris,,N,,,,,,,,
57,Pterogobius,,N,,,,,,,,
57,Pycnomma,,N,,,,,,,,
57,Quietula,,N,,,,,,,,
57,Redigobius,,N,,,,,,,,
57,Rhinogobiops,,N,,,,,,,,
57,Rhinogobius,,N,,,,,,,,
57,Risor,ruber,Y,1,,,,,,,
57,Robinsichthys,,N,,,,,,,,
57,Sagamia,,N,,,,,,,,
57,Scartelaos,,N,,,,,,,,
57,Schismatogobius,,N,,,,,,,,
57,Sicydium,plumieri,Y,1,,,,,,,
57,Sicyopterus,,N,,,,,,,,
57,Sicyopus,zosterophorus,Y,1,,,,,,,
57,Signigobius,,N,,,,,,,,
57,Silhouettea,,N,,,,,,,,
57,Siphonogobius,,N,,,,,,,,
57,Smilosicyopus,,N,,,,,,,,
57,Speleogobius,,N,,,,,,,,
57,Stenogobius,,N,,,,,,,,
57,Stigmatogobius,,N,,,,,,,,
57,Stiphodon,,N,,,,,,,,
57,Stonogobiops,,N,,,,,,,,
57,Sueviota,,N,,,,,,,,
57,Sufflogobius,,N,,,,,,,,
57,Suruga,,N,,,,,,,,
57,Synechogobius,,N,,,,,,,,
57,Taenioides,,N,,,,,,,,
57,Tamanka,,N,,,,,,,,
57,Tasmanogobius,,N,,,,,,,,
57,Thorogobius,,N,,,,,,,,
57,Tigrigobius,,N,,,,,,,,
57,Tomiyamichthys,,N,,,,,,,,
57,Tridentiger,,N,,,,,,,,
57,Trimma,,N,,,,,,,,
57,Trimmatom,,N,,,,,,,,
57,Trypauchen,,N,,,,,,,,
57,Trypauchenichthys,,N,,,,,,,,
57,Trypauchenopsis,,N,,,,,,,,
57,Tryssogobius,,N,,,,,,,,
57,Typhlogobius,,N,,,,,,,,
57,Valenciennea,,N,,,,,,,,
57,Vanderhorstia,delagoae,Y,1,,,,,,,
57,Vanneaugobius,,N,,,,,,,,
57,Varicus,,N,,,,,,,,
57,Vomerogobius,,N,,,,,,,,
57,Wheelerigobius,,N,,,,,,,,
57,Wuhanlinigobius,,N,,,,,,,,
57,Yoga,,N,,,,,,,,
57,Yongeichthys,,N,,,,,,,,
57,Zappa,,N,,,,,,,,
57,Zebrus,,N,,,,,,,,
57,Zosterisessor,,N,,,,,,,,
58,Aboma,,N,,,,,,,,
58,Acanthogobius,,N,,,,,,,,
58,Acentrogobius,,N,,,,,,,,
58,Afurcagobius,,N,,,,,,,,
58,Akihito,,N,,,,,,,,
58,Akko,,N,,,,,,,,
58,Amblychaeturichthys,,N,,,,,,,,
58,Amblyeleotris,,N,,,,,,,,
58,Amblygobius,,N,,,,,,,,
58,Amblyotrypauchen,,N,,,,,,,,
58,Amoya,,N,,,,,,,,
58,Anatirostrum,,N,,,,,,,,
58,Ancistrogobius,,N,,,,,,,,
58,Antilligobius,,N,,,,,,,,
58,Aphia,,N,,,,,,,,
58,Apocryptes,,N,,,,,,,,
58,Apocryptodon,,N,,,,,,,,
58,Arcygobius,,N,,,,,,,,
58,Arenigobius,,N,,,,,,,,
58,Aruma,,N,,,,,,,,
58,Asterropteryx,,N,,,,,,,,
58,Astrabe,,N,,,,,,,,
58,Aulopareia,janetae,Y,1,,,,,,,
58,Austrolethops,,N,,,,,,,,
58,Awaous,,N,,,,,,,,
58,Babka,,N,,,,,,,,
58,Barbulifer,,N,,,,,,,,
58,Barbuligobius,,N,,,,,,,,
58,Bathygobius,,N,,,,,,,,
58,Benthophiloides,,N,,,,,,,,
58,Benthophilus,,N,,,,,,,,
58,Boleophthalmus,,N,,,,,,,,
58,Bollmannia,,N,,,,,,,,
58,Brachyamblyopus,,N,,,,,,,,
58,Brachygobius,,N,,,,,,,,
58,Bryaninops,,N,,,,,,,,
58,Buenia,,N,,,,,,,,
58,Cabillus,,N,,,,,,,,
58,Caecogobius,,N,,,,,,,,
58,Caffrogobius,,N,,,,,,,,
58,Callogobius,,N,,,,,,,,
58,Caragobius,,N,,,,,,,,
58,Caspiosoma,,N,,,,,,,,
58,Chaenogobius,,N,,,,,,,,
58,Chaeturichthys,,N,,,,,,,,
58,Chlamydogobius,,N,,,,,,,,
58,Chriolepis,,N,,,,,,,,
58,Chromogobius,quadrivittatus,Y,1,,,,,,,
58,Clariger,,N,,,,,,,,
58,Clevelandia,,N,,,,,,,,
58,Corcyrogobius,,N,,,,,,,,
58,Coryogalops,,N,,,,,,,,
58,Coryphopterus,,N,,,,,,,,
58,Cotylopus,,N,,,,,,,,
58,Cristatogobius,,N,,,,,,,,
58,Croilia,,N,,,,,,,,
58,Cryptocentroides,,N,,,,,,,,
58,Cryptocentrus,,N,,,,,,,,
58,Crystallogobius,,N,,,,,,,,
58,Ctenogobiops,,N,,,,,,,,
58,Ctenogobius,,N,,,,,,,,
58,Ctenotrypauchen,,N,,,,,,,,
58,Deltentosteus,,N,,,,,,,,
58,Didogobius,,N,,,,,,,,
58,Discordipinna,,N,,,,,,,,
58,Drombus,,N,,,,,,,,
58,Ebomegobius,,N,,,,,,,,
58,Echinogobius,,N,,,,,,,,
58,Economidichthys,,N,,,,,,,,
58,Egglestonichthys,,N,,,,,,,,
58,Ego,,N,,,,,,,,
58,Elacatinus,,N,,,,,,,,
58,Eleotrica,,N,,,,,,,,
58,Enypnias,,N,,,,,,,,
58,Eucyclogobius,,N,,,,,,,,
58,Eugnathogobius,,N,,,,,,,,
58,Eutaeniichthys,,N,,,,,,,,
58,Evermannia,,N,,,,,,,,
58,Evermannichthys,,N,,,,,,,,
58,Eviota,,N,,,,,,,,
58,Evorthodus,,N,,,,,,,,
58,Exyrias,,N,,,,,,,,
58,Favonigobius,,N,,,,,,,,
58,Feia,,N,,,,,,,,
58,Fusigobius,,N,,,,,,,,
58,Gammogobius,,N,,,,,,,,
58,Gillichthys,,Y,1,,,,,,,
58,Ginsburgellus,,N,,,,,,,,
58,Gladiogobius,,N,,,,,,,,
58,Glossogobius,,N,,,,,,,,
58,Gnatholepis,,N,,,,,,,,
58,Gobiodon,,N,,,,,,,,
58,Gobioides,,N,,,,,,,,
58,Gobionellus,,N,,,,,,,,
58,Gobiopsis,,N,,,,,,,,
58,Gobiopterus,,Y,1,,,,,,,
58,Gobiosoma,,N,,,,,,,,
58,Gobius,,Y,1,,,,,,,
58,Gobiusculus,,N,,,,,,,,
58,Gobulus,,N,,,,,,,,
58,Gorogobius,,N,,,,,,,,
58,Grallenia,,N,,,,,,,,
58,Gymneleotris,,N,,,,,,,,
58,Gymnoamblyopus,,N,,,,,,,,
58,Gymnogobius,,N,,,,,,,,
58,Hazeus,,N,,,,,,,,
58,Hemigobius,,N,,,,,,,,
58,Hetereleotris,,N,,,,,,,,
58,Heterogobius,,N,,,,,,,,
58,Heteroplopomus,,N,,,,,,,,
58,Hyrcanogobius,,N,,,,,,,,
58,Ilypnus,,N,,,,,,,,
58,Istigobius,,N,,,,,,,,
58,Karsten,,N,,,,,,,,
58,Kelloggella,,N,,,,,,,,
58,Knipowitschia,,N,,,,,,,,
58,Koumansetta,,N,,,,,,,,
58,Larsonella,,N,,,,,,,,
58,Lebetus,,N,,,,,,,,
58,Lentipes,,N,,,,,,,,
58,Lepidogobius,,N,,,,,,,,
58,Lesueurigobius,,N,,,,,,,,
58,Lethops,,N,,,,,,,,
58,Leucopsarion,,N,,,,,,,,
58,Lobulogobius,,N,,,,,,,,
58,Lophiogobius,,N,,,,,,,,
58,Lophogobius,,N,,,,,,,,
58,Lotilia,,N,,,,,,,,
58,Lubricogobius,,N,,,,,,,,
58,Luciogobius,,N,,,,,,,,
58,Luposicya,,N,,,,,,,,
58,Lythrypnus,,N,,,,,,,,
58,Macrodontogobius,,N,,,,,,,,
58,Mahidolia,,N,,,,,,,,
58,Mangarinus,,N,,,,,,,,
58,Mauligobius,,N,,,,,,,,
58,Mesogobius,,N,,,,,,,,
58,Microgobius,,N,,,,,,,,
58,Millerigobius,,N,,,,,,,,
58,Minysicya,,N,,,,,,,,
58,Mistichthys,,N,,,,,,,,
58,Mugilogobius,,N,,,,,,,,
58,Myersina,,N,,,,,,,,
58,Nematogobius,,N,,,,,,,,
58,Neogobius,,N,,,,,,,,
58,Nes,,N,,,,,,,,
58,Nesogobius,,N,,,,,,,,
58,Obliquogobius,,N,,,,,,,,
58,Odondebuenia,,N,,,,,,,,
58,Odontamblyopus,,N,,,,,,,,
58,Oligolepis,,N,,,,,,,,
58,Ophiogobius,,N,,,,,,,,
58,Oplopomops,,N,,,,,,,,
58,Oplopomus,,N,,,,,,,,
58,Opua,,N,,,,,,,,
58,Oxuderces,,N,,,,,,,,
58,Oxyurichthys,,N,,,,,,,,
58,Padogobius,,N,,,,,,,,
58,Paedogobius,,N,,,,,,,,
58,Palatogobius,,N,,,,,,,,
58,Palutrus,,N,,,,,,,,
58,Pandaka,,N,,,,,,,,
58,Papuligobius,unoporis,Y,1,,,,,,,
58,Parachaeturichthys,,N,,,,,,,,
58,Paragobiodon,,N,,,,,,,,
58,Parapocryptes,,N,,,,,,,,
58,Parasicydium,,N,,,,,,,,
58,Paratrimma,,N,,,,,,,,
58,Paratrypauchen,,N,,,,,,,,
58,Parawaous,,N,,,,,,,,
58,Pariah,,N,,,,,,,,
58,Parkraemeria,,N,,,,,,,,
58,Parrella,,N,,,,,,,,
58,Pascua,,N,,,,,,,,
58,Periophthalmodon,,N,,,,,,,,
58,Periophthalmus,,N,,,,,,,,
58,Phoxacromion,,N,,,,,,,,
58,Phyllogobius,,N,,,,,,,,
58,Platygobiopsis,,N,,,,,,,,
58,Pleurosicya,,N,,,,,,,,
58,Polyspondylogobius,,N,,,,,,,,
58,Pomatoschistus,,N,,,,,,,,
58,Ponticola,,N,,,,,,,,
58,Porogobius,,N,,,,,,,,
58,Priolepis,,N,,,,,,,,
58,Proterorhinus,,N,,,,,,,,
58,Psammogobius,,N,,,,,,,,
58,Pseudaphya,,N,,,,,,,,
58,Pseudapocryptes,,N,,,,,,,,
58,Pseudogobiopsis,,N,,,,,,,,
58,Pseudogobius,,N,,,,,,,,
58,Pseudorhinogobius,,N,,,,,,,,
58,Pseudotrypauchen,,N,,,,,,,,
58,Psilogobius,,N,,,,,,,,
58,Psilotris,,N,,,,,,,,
58,Pterogobius,,N,,,,,,,,
58,Pycnomma,,N,,,,,,,,
58,Quietula,,N,,,,,,,,
58,Redigobius,,N,,,,,,,,
58,Rhinogobiops,,N,,,,,,,,
58,Rhinogobius,,N,,,,,,,,
58,Risor,ruber,Y,1,,,,,,,
58,Robinsichthys,,N,,,,,,,,
58,Sagamia,,N,,,,,,,,
58,Scartelaos,,N,,,,,,,,
58,Schismatogobius,,N,,,,,,,,
58,Sicydium,plumieri,Y,1,,,,,,,
58,Sicyopterus,,N,,,,,,,,
58,Sicyopus,zosterophorus,Y,1,,,,,,,
58,Signigobius,,N,,,,,,,,
58,Silhouettea,,N,,,,,,,,
58,Siphonogobius,,N,,,,,,,,
58,Smilosicyopus,,N,,,,,,,,
58,Speleogobius,,N,,,,,,,,
58,Stenogobius,,N,,,,,,,,
58,Stigmatogobius,,N,,,,,,,,
58,Stiphodon,,N,,,,,,,,
58,Stonogobiops,,N,,,,,,,,
58,Sueviota,,N,,,,,,,,
58,Sufflogobius,,N,,,,,,,,
58,Suruga,,N,,,,,,,,
58,Synechogobius,,N,,,,,,,,
58,Taenioides,,N,,,,,,,,
58,Tamanka,,N,,,,,,,,
58,Tasmanogobius,,N,,,,,,,,
58,Thorogobius,,N,,,,,,,,
58,Tigrigobius,,N,,,,,,,,
58,Tomiyamichthys,,N,,,,,,,,
58,Tridentiger,,N,,,,,,,,
58,Trimma,,N,,,,,,,,
58,Trimmatom,,N,,,,,,,,
58,Trypauchen,,N,,,,,,,,
58,Trypauchenichthys,,N,,,,,,,,
58,Trypauchenopsis,,N,,,,,,,,
58,Tryssogobius,,N,,,,,,,,
58,Typhlogobius,,N,,,,,,,,
58,Valenciennea,,N,,,,,,,,
58,Vanderhorstia,delagoae,Y,1,,,,,,,
58,Vanneaugobius,,N,,,,,,,,
58,Varicus,,N,,,,,,,,
58,Vomerogobius,,N,,,,,,,,
58,Wheelerigobius,,N,,,,,,,,
58,Wuhanlinigobius,,N,,,,,,,,
58,Yoga,,N,,,,,,,,
58,Yongeichthys,,N,,,,,,,,
58,Zappa,,N,,,,,,,,
58,Zebrus,,N,,,,,,,,
58,Zosterisessor,,N,,,,,,,,
59,Aboma,,N,,,,,,,,
59,Acanthogobius,,N,,,,,,,,
59,Acentrogobius,,N,,,,,,,,
59,Afurcagobius,,N,,,,,,,,
59,Akihito,,N,,,,,,,,
59,Akko,,N,,,,,,,,
59,Amblychaeturichthys,,N,,,,,,,,
59,Amblyeleotris,,N,,,,,,,,
59,Amblygobius,,N,,,,,,,,
59,Amblyotrypauchen,,N,,,,,,,,
59,Amoya,,N,,,,,,,,
59,Anatirostrum,,N,,,,,,,,
59,Ancistrogobius,,N,,,,,,,,
59,Antilligobius,,N,,,,,,,,
59,Aphia,,N,,,,,,,,
59,Apocryptes,,N,,,,,,,,
59,Apocryptodon,,N,,,,,,,,
59,Arcygobius,,N,,,,,,,,
59,Arenigobius,,N,,,,,,,,
59,Aruma,,N,,,,,,,,
59,Asterropteryx,,N,,,,,,,,
59,Astrabe,,N,,,,,,,,
59,Aulopareia,janetae,Y,1,,,,,,,
59,Austrolethops,,N,,,,,,,,
59,Awaous,,N,,,,,,,,
59,Babka,,N,,,,,,,,
59,Barbulifer,,N,,,,,,,,
59,Barbuligobius,,N,,,,,,,,
59,Bathygobius,,N,,,,,,,,
59,Benthophiloides,,N,,,,,,,,
59,Benthophilus,,N,,,,,,,,
59,Boleophthalmus,,N,,,,,,,,
59,Bollmannia,,N,,,,,,,,
59,Brachyamblyopus,,N,,,,,,,,
59,Brachygobius,,N,,,,,,,,
59,Bryaninops,,N,,,,,,,,
59,Buenia,,N,,,,,,,,
59,Cabillus,,N,,,,,,,,
59,Caecogobius,,N,,,,,,,,
59,Caffrogobius,,N,,,,,,,,
59,Callogobius,,N,,,,,,,,
59,Caragobius,,N,,,,,,,,
59,Caspiosoma,,N,,,,,,,,
59,Chaenogobius,,N,,,,,,,,
59,Chaeturichthys,,N,,,,,,,,
59,Chlamydogobius,,N,,,,,,,,
59,Chriolepis,,N,,,,,,,,
59,Chromogobius,quadrivittatus,Y,1,,,,,,,
59,Clariger,,N,,,,,,,,
59,Clevelandia,,N,,,,,,,,
59,Corcyrogobius,,N,,,,,,,,
59,Coryogalops,,N,,,,,,,,
59,Coryphopterus,,N,,,,,,,,
59,Cotylopus,,N,,,,,,,,
59,Cristatogobius,,N,,,,,,,,
59,Croilia,,N,,,,,,,,
59,Cryptocentroides,,N,,,,,,,,
59,Cryptocentrus,,N,,,,,,,,
59,Crystallogobius,,N,,,,,,,,
59,Ctenogobiops,,N,,,,,,,,
59,Ctenogobius,,N,,,,,,,,
59,Ctenotrypauchen,,N,,,,,,,,
59,Deltentosteus,,N,,,,,,,,
59,Didogobius,,N,,,,,,,,
59,Discordipinna,,N,,,,,,,,
59,Drombus,,N,,,,,,,,
59,Ebomegobius,,N,,,,,,,,
59,Echinogobius,,N,,,,,,,,
59,Economidichthys,,N,,,,,,,,
59,Egglestonichthys,,N,,,,,,,,
59,Ego,,N,,,,,,,,
59,Elacatinus,,N,,,,,,,,
59,Eleotrica,,N,,,,,,,,
59,Enypnias,,N,,,,,,,,
59,Eucyclogobius,,N,,,,,,,,
59,Eugnathogobius,,N,,,,,,,,
59,Eutaeniichthys,,N,,,,,,,,
59,Evermannia,,N,,,,,,,,
59,Evermannichthys,,N,,,,,,,,
59,Eviota,,N,,,,,,,,
59,Evorthodus,,N,,,,,,,,
59,Exyrias,,N,,,,,,,,
59,Favonigobius,,N,,,,,,,,
59,Feia,,N,,,,,,,,
59,Fusigobius,,N,,,,,,,,
59,Gammogobius,,N,,,,,,,,
59,Gillichthys,,Y,1,,,,,,,
59,Ginsburgellus,,N,,,,,,,,
59,Gladiogobius,,N,,,,,,,,
59,Glossogobius,,N,,,,,,,,
59,Gnatholepis,,N,,,,,,,,
59,Gobiodon,,N,,,,,,,,
59,Gobioides,,N,,,,,,,,
59,Gobionellus,,N,,,,,,,,
59,Gobiopsis,,N,,,,,,,,
59,Gobiopterus,,Y,1,,,,,,,
59,Gobiosoma,,N,,,,,,,,
59,Gobius,,Y,1,,,,,,,
59,Gobiusculus,,N,,,,,,,,
59,Gobulus,,N,,,,,,,,
59,Gorogobius,,N,,,,,,,,
59,Grallenia,,N,,,,,,,,
59,Gymneleotris,,N,,,,,,,,
59,Gymnoamblyopus,,N,,,,,,,,
59,Gymnogobius,,N,,,,,,,,
59,Hazeus,,N,,,,,,,,
59,Hemigobius,,N,,,,,,,,
59,Hetereleotris,,N,,,,,,,,
59,Heterogobius,,N,,,,,,,,
59,Heteroplopomus,,N,,,,,,,,
59,Hyrcanogobius,,N,,,,,,,,
59,Ilypnus,,N,,,,,,,,
59,Istigobius,,N,,,,,,,,
59,Karsten,,N,,,,,,,,
59,Kelloggella,,N,,,,,,,,
59,Knipowitschia,,N,,,,,,,,
59,Koumansetta,,N,,,,,,,,
59,Larsonella,,N,,,,,,,,
59,Lebetus,,N,,,,,,,,
59,Lentipes,,N,,,,,,,,
59,Lepidogobius,,N,,,,,,,,
59,Lesueurigobius,,N,,,,,,,,
59,Lethops,,N,,,,,,,,
59,Leucopsarion,,N,,,,,,,,
59,Lobulogobius,,N,,,,,,,,
59,Lophiogobius,,N,,,,,,,,
59,Lophogobius,,N,,,,,,,,
59,Lotilia,,N,,,,,,,,
59,Lubricogobius,,N,,,,,,,,
59,Luciogobius,,N,,,,,,,,
59,Luposicya,,N,,,,,,,,
59,Lythrypnus,,N,,,,,,,,
59,Macrodontogobius,,N,,,,,,,,
59,Mahidolia,,N,,,,,,,,
59,Mangarinus,,N,,,,,,,,
59,Mauligobius,,N,,,,,,,,
59,Mesogobius,,N,,,,,,,,
59,Microgobius,,N,,,,,,,,
59,Millerigobius,,N,,,,,,,,
59,Minysicya,,N,,,,,,,,
59,Mistichthys,,N,,,,,,,,
59,Mugilogobius,,N,,,,,,,,
59,Myersina,,N,,,,,,,,
59,Nematogobius,,N,,,,,,,,
59,Neogobius,,N,,,,,,,,
59,Nes,,N,,,,,,,,
59,Nesogobius,,N,,,,,,,,
59,Obliquogobius,,N,,,,,,,,
59,Odondebuenia,,N,,,,,,,,
59,Odontamblyopus,,N,,,,,,,,
59,Oligolepis,,N,,,,,,,,
59,Ophiogobius,,N,,,,,,,,
59,Oplopomops,,N,,,,,,,,
59,Oplopomus,,N,,,,,,,,
59,Opua,,N,,,,,,,,
59,Oxuderces,,N,,,,,,,,
59,Oxyurichthys,,N,,,,,,,,
59,Padogobius,,N,,,,,,,,
59,Paedogobius,,N,,,,,,,,
59,Palatogobius,,N,,,,,,,,
59,Palutrus,,N,,,,,,,,
59,Pandaka,,N,,,,,,,,
59,Papuligobius,unoporis,Y,1,,,,,,,
59,Parachaeturichthys,,N,,,,,,,,
59,Paragobiodon,,N,,,,,,,,
59,Parapocryptes,,N,,,,,,,,
59,Parasicydium,,N,,,,,,,,
59,Paratrimma,,N,,,,,,,,
59,Paratrypauchen,,N,,,,,,,,
59,Parawaous,,N,,,,,,,,
59,Pariah,,N,,,,,,,,
59,Parkraemeria,,N,,,,,,,,
59,Parrella,,N,,,,,,,,
59,Pascua,,N,,,,,,,,
59,Periophthalmodon,,N,,,,,,,,
59,Periophthalmus,,N,,,,,,,,
59,Phoxacromion,,N,,,,,,,,
59,Phyllogobius,,N,,,,,,,,
59,Platygobiopsis,,N,,,,,,,,
59,Pleurosicya,,N,,,,,,,,
59,Polyspondylogobius,,N,,,,,,,,
59,Pomatoschistus,,N,,,,,,,,
59,Ponticola,,N,,,,,,,,
59,Porogobius,,N,,,,,,,,
59,Priolepis,,N,,,,,,,,
59,Proterorhinus,,N,,,,,,,,
59,Psammogobius,,N,,,,,,,,
59,Pseudaphya,,N,,,,,,,,
59,Pseudapocryptes,,N,,,,,,,,
59,Pseudogobiopsis,,N,,,,,,,,
59,Pseudogobius,,N,,,,,,,,
59,Pseudorhinogobius,,N,,,,,,,,
59,Pseudotrypauchen,,N,,,,,,,,
59,Psilogobius,,N,,,,,,,,
59,Psilotris,,N,,,,,,,,
59,Pterogobius,,N,,,,,,,,
59,Pycnomma,,N,,,,,,,,
59,Quietula,,N,,,,,,,,
59,Redigobius,,N,,,,,,,,
59,Rhinogobiops,,N,,,,,,,,
59,Rhinogobius,,N,,,,,,,,
59,Risor,ruber,Y,1,,,,,,,
59,Robinsichthys,,N,,,,,,,,
59,Sagamia,,N,,,,,,,,
59,Scartelaos,,N,,,,,,,,
59,Schismatogobius,,N,,,,,,,,
59,Sicydium,plumieri,Y,1,,,,,,,
59,Sicyopterus,,N,,,,,,,,
59,Sicyopus,zosterophorus,Y,1,,,,,,,
59,Signigobius,,N,,,,,,,,
59,Silhouettea,,N,,,,,,,,
59,Siphonogobius,,N,,,,,,,,
59,Smilosicyopus,,N,,,,,,,,
59,Speleogobius,,N,,,,,,,,
59,Stenogobius,,N,,,,,,,,
59,Stigmatogobius,,N,,,,,,,,
59,Stiphodon,,N,,,,,,,,
59,Stonogobiops,,N,,,,,,,,
59,Sueviota,,N,,,,,,,,
59,Sufflogobius,,N,,,,,,,,
59,Suruga,,N,,,,,,,,
59,Synechogobius,,N,,,,,,,,
59,Taenioides,,N,,,,,,,,
59,Tamanka,,N,,,,,,,,
59,Tasmanogobius,,N,,,,,,,,
59,Thorogobius,,N,,,,,,,,
59,Tigrigobius,,N,,,,,,,,
59,Tomiyamichthys,,N,,,,,,,,
59,Tridentiger,,N,,,,,,,,
59,Trimma,,N,,,,,,,,
59,Trimmatom,,N,,,,,,,,
59,Trypauchen,,N,,,,,,,,
59,Trypauchenichthys,,N,,,,,,,,
59,Trypauchenopsis,,N,,,,,,,,
59,Tryssogobius,,N,,,,,,,,
59,Typhlogobius,,N,,,,,,,,
59,Valenciennea,,N,,,,,,,,
59,Vanderhorstia,delagoae,Y,1,,,,,,,
59,Vanneaugobius,,N,,,,,,,,
59,Varicus,,N,,,,,,,,
59,Vomerogobius,,N,,,,,,,,
59,Wheelerigobius,,N,,,,,,,,
59,Wuhanlinigobius,,N,,,,,,,,
59,Yoga,,N,,,,,,,,
59,Yongeichthys,,N,,,,,,,,
59,Zappa,,N,,,,,,,,
59,Zebrus,,N,,,,,,,,
59,Zosterisessor,,N,,,,,,,,
60,Aboma,,N,,,,,,,,
60,Acanthogobius,,N,,,,,,,,
60,Acentrogobius,,N,,,,,,,,
60,Afurcagobius,,N,,,,,,,,
60,Akihito,,N,,,,,,,,
60,Akko,,N,,,,,,,,
60,Amblychaeturichthys,,N,,,,,,,,
60,Amblyeleotris,,N,,,,,,,,
60,Amblygobius,,N,,,,,,,,
60,Amblyotrypauchen,,N,,,,,,,,
60,Amoya,,N,,,,,,,,
60,Anatirostrum,,N,,,,,,,,
60,Ancistrogobius,,N,,,,,,,,
60,Antilligobius,,N,,,,,,,,
60,Aphia,,N,,,,,,,,
60,Apocryptes,,N,,,,,,,,
60,Apocryptodon,,N,,,,,,,,
60,Arcygobius,,N,,,,,,,,
60,Arenigobius,,N,,,,,,,,
60,Aruma,,N,,,,,,,,
60,Asterropteryx,,N,,,,,,,,
60,Astrabe,,N,,,,,,,,
60,Aulopareia,janetae,Y,1,,,,,,,
60,Austrolethops,,N,,,,,,,,
60,Awaous,,N,,,,,,,,
60,Babka,,N,,,,,,,,
60,Barbulifer,,N,,,,,,,,
60,Barbuligobius,,N,,,,,,,,
60,Bathygobius,,N,,,,,,,,
60,Benthophiloides,,N,,,,,,,,
60,Benthophilus,,N,,,,,,,,
60,Boleophthalmus,,N,,,,,,,,
60,Bollmannia,,N,,,,,,,,
60,Brachyamblyopus,,N,,,,,,,,
60,Brachygobius,,N,,,,,,,,
60,Bryaninops,,N,,,,,,,,
60,Buenia,,N,,,,,,,,
60,Cabillus,,N,,,,,,,,
60,Caecogobius,,N,,,,,,,,
60,Caffrogobius,,N,,,,,,,,
60,Callogobius,,N,,,,,,,,
60,Caragobius,,N,,,,,,,,
60,Caspiosoma,,N,,,,,,,,
60,Chaenogobius,,N,,,,,,,,
60,Chaeturichthys,,N,,,,,,,,
60,Chlamydogobius,,N,,,,,,,,
60,Chriolepis,,N,,,,,,,,
60,Chromogobius,quadrivittatus,Y,1,,,,,,,
60,Clariger,,N,,,,,,,,
60,Clevelandia,,N,,,,,,,,
60,Corcyrogobius,,N,,,,,,,,
60,Coryogalops,,N,,,,,,,,
60,Coryphopterus,,N,,,,,,,,
60,Cotylopus,,N,,,,,,,,
60,Cristatogobius,,N,,,,,,,,
60,Croilia,,N,,,,,,,,
60,Cryptocentroides,,N,,,,,,,,
60,Cryptocentrus,,N,,,,,,,,
60,Crystallogobius,,N,,,,,,,,
60,Ctenogobiops,,N,,,,,,,,
60,Ctenogobius,,N,,,,,,,,
60,Ctenotrypauchen,,N,,,,,,,,
60,Deltentosteus,,N,,,,,,,,
60,Didogobius,,N,,,,,,,,
60,Discordipinna,,N,,,,,,,,
60,Drombus,,N,,,,,,,,
60,Ebomegobius,,N,,,,,,,,
60,Echinogobius,,N,,,,,,,,
60,Economidichthys,,N,,,,,,,,
60,Egglestonichthys,,N,,,,,,,,
60,Ego,,N,,,,,,,,
60,Elacatinus,,N,,,,,,,,
60,Eleotrica,,N,,,,,,,,
60,Enypnias,,N,,,,,,,,
60,Eucyclogobius,,N,,,,,,,,
60,Eugnathogobius,,N,,,,,,,,
60,Eutaeniichthys,,N,,,,,,,,
60,Evermannia,,N,,,,,,,,
60,Evermannichthys,,N,,,,,,,,
60,Eviota,,N,,,,,,,,
60,Evorthodus,,N,,,,,,,,
60,Exyrias,,N,,,,,,,,
60,Favonigobius,,N,,,,,,,,
60,Feia,,N,,,,,,,,
60,Fusigobius,,N,,,,,,,,
60,Gammogobius,,N,,,,,,,,
60,Gillichthys,,Y,1,,,,,,,
60,Ginsburgellus,,N,,,,,,,,
60,Gladiogobius,,N,,,,,,,,
60,Glossogobius,,N,,,,,,,,
60,Gnatholepis,,N,,,,,,,,
60,Gobiodon,,N,,,,,,,,
60,Gobioides,,N,,,,,,,,
60,Gobionellus,,N,,,,,,,,
60,Gobiopsis,,N,,,,,,,,
60,Gobiopterus,,Y,1,,,,,,,
60,Gobiosoma,,N,,,,,,,,
60,Gobius,,Y,1,,,,,,,
60,Gobiusculus,,N,,,,,,,,
60,Gobulus,,N,,,,,,,,
60,Gorogobius,,N,,,,,,,,
60,Grallenia,,N,,,,,,,,
60,Gymneleotris,,N,,,,,,,,
60,Gymnoamblyopus,,N,,,,,,,,
60,Gymnogobius,,N,,,,,,,,
60,Hazeus,,N,,,,,,,,
60,Hemigobius,,N,,,,,,,,
60,Hetereleotris,,N,,,,,,,,
60,Heterogobius,,N,,,,,,,,
60,Heteroplopomus,,N,,,,,,,,
60,Hyrcanogobius,,N,,,,,,,,
60,Ilypnus,,N,,,,,,,,
60,Istigobius,,N,,,,,,,,
60,Karsten,,N,,,,,,,,
60,Kelloggella,,N,,,,,,,,
60,Knipowitschia,,N,,,,,,,,
60,Koumansetta,,N,,,,,,,,
60,Larsonella,,N,,,,,,,,
60,Lebetus,,N,,,,,,,,
60,Lentipes,,N,,,,,,,,
60,Lepidogobius,,N,,,,,,,,
60,Lesueurigobius,,N,,,,,,,,
60,Lethops,,N,,,,,,,,
60,Leucopsarion,,N,,,,,,,,
60,Lobulogobius,,N,,,,,,,,
60,Lophiogobius,,N,,,,,,,,
60,Lophogobius,,N,,,,,,,,
60,Lotilia,,N,,,,,,,,
60,Lubricogobius,,N,,,,,,,,
60,Luciogobius,,N,,,,,,,,
60,Luposicya,,N,,,,,,,,
60,Lythrypnus,,N,,,,,,,,
60,Macrodontogobius,,N,,,,,,,,
60,Mahidolia,,N,,,,,,,,
60,Mangarinus,,N,,,,,,,,
60,Mauligobius,,N,,,,,,,,
60,Mesogobius,,N,,,,,,,,
60,Microgobius,,N,,,,,,,,
60,Millerigobius,,N,,,,,,,,
60,Minysicya,,N,,,,,,,,
60,Mistichthys,,N,,,,,,,,
60,Mugilogobius,,N,,,,,,,,
60,Myersina,,N,,,,,,,,
60,Nematogobius,,N,,,,,,,,
60,Neogobius,,N,,,,,,,,
60,Nes,,N,,,,,,,,
60,Nesogobius,,N,,,,,,,,
60,Obliquogobius,,N,,,,,,,,
60,Odondebuenia,,N,,,,,,,,
60,Odontamblyopus,,N,,,,,,,,
60,Oligolepis,,N,,,,,,,,
60,Ophiogobius,,N,,,,,,,,
60,Oplopomops,,N,,,,,,,,
60,Oplopomus,,N,,,,,,,,
60,Opua,,N,,,,,,,,
60,Oxuderces,,N,,,,,,,,
60,Oxyurichthys,,N,,,,,,,,
60,Padogobius,,N,,,,,,,,
60,Paedogobius,,N,,,,,,,,
60,Palatogobius,,N,,,,,,,,
60,Palutrus,,N,,,,,,,,
60,Pandaka,,N,,,,,,,,
60,Papuligobius,unoporis,Y,1,,,,,,,
60,Parachaeturichthys,,N,,,,,,,,
60,Paragobiodon,,N,,,,,,,,
60,Parapocryptes,,N,,,,,,,,
60,Parasicydium,,N,,,,,,,,
60,Paratrimma,,N,,,,,,,,
60,Paratrypauchen,,N,,,,,,,,
60,Parawaous,,N,,,,,,,,
60,Pariah,,N,,,,,,,,
60,Parkraemeria,,N,,,,,,,,
60,Parrella,,N,,,,,,,,
60,Pascua,,N,,,,,,,,
60,Periophthalmodon,,N,,,,,,,,
60,Periophthalmus,,N,,,,,,,,
60,Phoxacromion,,N,,,,,,,,
60,Phyllogobius,,N,,,,,,,,
60,Platygobiopsis,,N,,,,,,,,
60,Pleurosicya,,N,,,,,,,,
60,Polyspondylogobius,,N,,,,,,,,
60,Pomatoschistus,,N,,,,,,,,
60,Ponticola,,N,,,,,,,,
60,Porogobius,,N,,,,,,,,
60,Priolepis,,N,,,,,,,,
60,Proterorhinus,,N,,,,,,,,
60,Psammogobius,,N,,,,,,,,
60,Pseudaphya,,N,,,,,,,,
60,Pseudapocryptes,,N,,,,,,,,
60,Pseudogobiopsis,,N,,,,,,,,
60,Pseudogobius,,N,,,,,,,,
60,Pseudorhinogobius,,N,,,,,,,,
60,Pseudotrypauchen,,N,,,,,,,,
60,Psilogobius,,N,,,,,,,,
60,Psilotris,,N,,,,,,,,
60,Pterogobius,,N,,,,,,,,
60,Pycnomma,,N,,,,,,,,
60,Quietula,,N,,,,,,,,
60,Redigobius,,N,,,,,,,,
60,Rhinogobiops,,N,,,,,,,,
60,Rhinogobius,,N,,,,,,,,
60,Risor,ruber,Y,1,,,,,,,
60,Robinsichthys,,N,,,,,,,,
60,Sagamia,,N,,,,,,,,
60,Scartelaos,,N,,,,,,,,
60,Schismatogobius,,N,,,,,,,,
60,Sicydium,plumieri,Y,1,,,,,,,
60,Sicyopterus,,N,,,,,,,,
60,Sicyopus,zosterophorus,Y,1,,,,,,,
60,Signigobius,,N,,,,,,,,
60,Silhouettea,,N,,,,,,,,
60,Siphonogobius,,N,,,,,,,,
60,Smilosicyopus,,N,,,,,,,,
60,Speleogobius,,N,,,,,,,,
60,Stenogobius,,N,,,,,,,,
60,Stigmatogobius,,N,,,,,,,,
60,Stiphodon,,N,,,,,,,,
60,Stonogobiops,,N,,,,,,,,
60,Sueviota,,N,,,,,,,,
60,Sufflogobius,,N,,,,,,,,
60,Suruga,,N,,,,,,,,
60,Synechogobius,,N,,,,,,,,
60,Taenioides,,N,,,,,,,,
60,Tamanka,,N,,,,,,,,
60,Tasmanogobius,,N,,,,,,,,
60,Thorogobius,,N,,,,,,,,
60,Tigrigobius,,N,,,,,,,,
60,Tomiyamichthys,,N,,,,,,,,
60,Tridentiger,,N,,,,,,,,
60,Trimma,,N,,,,,,,,
60,Trimmatom,,N,,,,,,,,
60,Trypauchen,,N,,,,,,,,
60,Trypauchenichthys,,N,,,,,,,,
60,Trypauchenopsis,,N,,,,,,,,
60,Tryssogobius,,N,,,,,,,,
60,Typhlogobius,,N,,,,,,,,
60,Valenciennea,,N,,,,,,,,
60,Vanderhorstia,delagoae,Y,1,,,,,,,
60,Vanneaugobius,,N,,,,,,,,
60,Varicus,,N,,,,,,,,
60,Vomerogobius,,N,,,,,,,,
60,Wheelerigobius,,N,,,,,,,,
60,Wuhanlinigobius,,N,,,,,,,,
60,Yoga,,N,,,,,,,,
60,Yongeichthys,,N,,,,,,,,
60,Zappa,,N,,,,,,,,
60,Zebrus,,N,,,,,,,,
60,Zosterisessor,,N,,,,,,,,
62,Acentronura,,N,,,,,,,,
62,Amphelikturus,,N,,,,,,,,
62,Anarchopterus,,N,,,,,,,,
62,Apterygocampus,,N,,,,,,,,
62,Bhanotia,,N,,,,,,,,
62,Bryx,,N,,,,,,,,
62,Bulbonaricus,,N,,,,,,,,
62,Campichthys,,N,,,,,,,,
62,Choeroichthys,,N,,,,,,,,
62,Corythoichthys,,N,,,,,,,,
62,Cosmocampus,,N,,,,,,,,
62,Doryichthys,,N,,,,,,,,
62,Doryrhamphus,,N,,,,,,,,
62,Dunckerocampus,,N,,,,,,,,
62,Enneacampus,,N,,,,,,,,
62,Entelurus,,N,,,,,,,,
62,Festucalex,,N,,,,,,,,
62,Filicampus,,N,,,,,,,,
62,Halicampus,,N,,,,,,,,
62,Haliichthys,,N,,,,,,,,
62,Heraldia,,N,,,,,,,,
62,Hippichthys,,N,,,,,,,,
62,Hippocampus,bargibanti,Y,1,,,,,,,
62,Histiogamphelus,,N,,,,,,,,
62,Hypselognathus,,N,,,,,,,,
62,Ichthyocampus,,N,,,,,,,,
62,Idiotropiscis,,N,,,,,,,,
62,Kaupus,,N,,,,,,,,
62,Kimblaeus,,N,,,,,,,,
62,Kyonemichthys,,N,,,,,,,,
62,Leptoichthys,,N,,,,,,,,
62,Leptonotus,,N,,,,,,,,
62,Lissocampus,,N,,,,,,,,
62,Maroubra,,N,,,,,,,,
62,Micrognathus,,N,,,,,,,,
62,Microphis,,N,,,,,,,,
62,Minyichthys,,N,,,,,,,,
62,Mitotichthys,,N,,,,,,,,
62,Nannocampus,,N,,,,,,,,
62,Nerophis,,N,,,,,,,,
62,Notiocampus,,N,,,,,,,,
62,Oostethus,,N,,,,,,,,
62,Penetopteryx,,N,,,,,,,,
62,Phoxocampus,,N,,,,,,,,
62,Phycodurus,,N,,,,,,,,
62,Phyllopteryx,,N,,,,,,,,
62,Pseudophallus,,N,,,,,,,,
62,Pugnaso,,N,,,,,,,,
62,Siokunichthys,,N,,,,,,,,
62,Solegnathus,,N,,,,,,,,
62,Stigmatopora,,N,,,,,,,,
62,Stipecampus,,N,,,,,,,,
62,Syngnathoides,,N,,,,,,,,
62,Syngnathus,,N,,,,,,,,
62,Trachyrhamphus,,N,,,,,,,,
62,Urocampus,,N,,,,,,,,
62,Vanacampus,,N,,,,,,,,
63,Betta,picta,Y,1,,,,,,,
64,Centropomus undecimalis,,N,,,,,,,,
65,Caranx hippos,,Y,1,,,,,,,
66,Selene vomer,,N,,,,,,,,
67,Polydactylus sexfilis,,N,,,,,,,,
68,Oreochromis niloticus,,N,,,,,,,,
69,Psettichthys melanostictus,,N,,,,,,,,
70,Agonostomus,,N,,,,,,,,
70,Aldrichetta,,N,,,,,,,,
70,Cestraeus,,N,,,,,,,,
70,Chaenomugil,,N,,,,,,,,
70,Chelon,,N,,,,,,,,
70,Crenimugil,,N,,,,,,,,
70,Ellochelon,,N,,,,,,,,
70,Joturus,,N,,,,,,,,
70,Liza,,N,,,,,,,,
70,Moolgarda,,N,,,,,,,,
70,Mugil,,N,,,,,,,,
70,Myxus,,N,,,,,,,,
70,Neomyxus,,N,,,,,,,,
70,Oedalechilus,,N,,,,,,,,
70,Paramugil,,N,,,,,,,,
70,Rhinomugil,,N,,,,,,,,
70,Sicamugil,,N,,,,,,,,
70,Trachystoma,,N,,,,,,,,
70,Valamugil,,N,,,,,,,,
70,Xenomugil,,N,,,,,,,,
71,Pictichromis paccagnellae,,N,,,,,,,,
72,Dascyllus aruanus,,N,,,,,,,,
73,Chromis chromis,,N,,,,,,,,
74,Amphiprion ephippium,,N,,,,,,,,
75,Gramma loreto,loreto,Y,1,,,,,,,
76,Lonchopisthus,,N,,,,,,,,
76,Opistognathus,,N,,,,,,,,
76,Stalix,,N,,,,,,,,
77,Gobiesox meandricus,,N,,,,,,,,
81,Satanoperca,,N,,,,,,,,
82,Petrotilapia,,N,,,,,,,,
83,Ablennes,hians,Y,1,,,,,,,
83,Belone,belone,Y,1,,,,,,,
83,Belonion,apodion;dibranchodon,Y,2,,,,,,,
83,Petalichthys,capensis,Y,1,,,,,,,
83,Platybelone,,N,,,,,,,,
83,Potamorrhaphis,,N,,,,,,,,
83,Pseudotylosurus,guianensis,Y,1,,,,,,,
83,Strongylura,fluviatilis;krefftii,Y,2,,,,,,,
83,Tylosurus,,N,,,,,,,,
83,Xenentodon,cancila,Y,1,,,,,,,
84,Menidia menidia,,Y,1,,,,,,,
85,Poecilia,vivipara,Y,1,,,,,,,
86,Aphanius,,N,,,,,,,,
86,Cualac,,N,,,,,,,,
86,Cubanichthys,cubensis,Y,1,,,,,,,
86,Cyprinodon,,N,,,,,,,,
86,Floridichthys,carpio,Y,1,,,,,,,
86,Garmanella,,N,,,,,,,,
86,Jordanella,,N,,,,,,,,
86,Megupsilon,,N,,,,,,,,
86,Orestias,,N,,,,,,,,
87,Poecilia reticulata,,N,,,,,,,,
88,Lepomis macrochirus,,N,,,,,,,,
89,Micropterus salmoides,,Y,1,,,,,,,
90,Apodichthys flavidus,,N,,,,,,,,
91,Artedius,fenestralis;harringtoni;lateralis;notospilotus,Y,4,,,,,,,
92,Acantholabrus,,N,,,,,,,,
92,Achoerodus,,N,,,,,,,,
92,Ammolabrus,,N,,,,,,,,
92,Anampses,cuvier;chrysocephalus;melanurus,Y,3,,,,,,,
92,Anchichoerops,,N,,,,,,,,
92,Austrolabrus,,N,,,,,,,,
92,Bodianus,loxozonus,Y,1,,,,,,,
92,Centrolabrus,,N,,,,,,,,
92,Cheilinus,bimaculatus,Y,1,,,,,,,
92,Cheilio,,N,,,,,,,,
92,Choerodon,oligacanthus,Y,1,,,,,,,
92,Cirrhilabrus,,N,,,,,,,,
92,Clepticus,parrae,Y,1,,,,,,,
92,Conniella,,N,,,,,,,,
92,Coris,julis;aygula,Y,2,,,,,,,
92,Ctenolabrus,,N,,,,,,,,
92,Cymolutes,,N,,,,,,,,
92,Decodon,puellaris,Y,1,,,,,,,
92,Diproctacanthus,xanthurus,Y,1,,,,,,,
92,Doratonotus,megalepis,Y,1,,,,,,,
92,Dotalabrus,,N,,,,,,,,
92,Epibulus,insidiator,Y,1,,,,,,,
92,Eupetrichthys,,N,,,,,,,,
92,Frontilabrus,,N,,,,,,,,
92,Gomphosus,caeruleus,Y,1,,,,,,,
92,Halichoeres,maculipinna;poeyi;bivittatus;nebulosus;margaritaceus;scapularis;binotopsis;trimaculatus;dispilus,Y,9,,,,,,,
92,Hemigymnus,melapterus,Y,1,,,,,,,
92,Hologymnosus,,N,,,,,,,,
92,Iniistius,dea;pentadactylus,Y,2,,,,,,,
92,Labrichthys,,N,,,,,,,,
92,Labroides,,N,,,,,,,,
92,Labropsis,,N,,,,,,,,
92,Labrus,,N,,,,,,,,
92,Lachnolaimus,,N,,,,,,,,
92,Lappanella,,N,,,,,,,,
92,Larabicus,,N,,,,,,,,
92,Leptojulis,,N,,,,,,,,
92,Macropharyngodon,geoffroy,Y,1,,,,,,,
92,Malapterus,reticulatus,Y,1,,,,,,,
92,Minilabrus,,N,,,,,,,,
92,Notolabrus,,N,,,,,,,,
92,Novaculichthys,taeniourus,Y,1,,,,,,,
92,Novaculoides,,N,,,,,,,,
92,Novaculops,,N,,,,,,,,
92,Ophthalmolepis,,N,,,,,,,,
92,Oxycheilinus,,N,,,,,,,,
92,Oxyjulis,californica,Y,1,,,,,,,
92,Paracheilinus,,N,,,,,,,,
92,Parajulis,,N,,,,,,,,
92,Pictilabrus,,N,,,,,,,,
92,Polylepion,,N,,,,,,,,
92,Pseudocheilinops,,N,,,,,,,,
92,Pseudocheilinus,hexataenia,Y,1,,,,,,,
92,Pseudocoris,,N,,,,,,,,
92,Pseudodax,moluccanus,Y,1,,,,,,,
92,Pseudojuloides,,N,,,,,,,,
92,Pseudolabrus,,N,,,,,,,,
92,Pteragogus,,N,,,,,,,,
92,Sagittalarva,,N,,,,,,,,
92,Semicossyphus,pulcher,Y,1,,,,,,,
92,Stethojulis,balteata;bandanensis,Y,2,,,,,,,
92,Suezichthys,,N,,,,,,,,
92,Symphodus,ocellatus;mediterraneus,Y,2,,,,,,,
92,Tautoga,onitis,Y,1,,,,,,,
92,Tautogolabrus,,N,,,,,,,,
92,Terelabrus,,N,,,,,,,,
92,Thalassoma,bifasciatum,Y,1,,,,,,,
92,Wetmorella,,N,,,,,,,,
92,Xenojulis,margaritaceus,Y,1,,,,,,,
92,Xiphocheilus,,N,,,,,,,,
92,Xyrichtys,novacula,Y,1,,,,,,,
93,Acantholabrus,,N,,,,,,,,
93,Achoerodus,,N,,,,,,,,
93,Ammolabrus,,N,,,,,,,,
93,Anampses,cuvier;chrysocephalus;melanurus,Y,3,,,,,,,
93,Anchichoerops,,N,,,,,,,,
93,Austrolabrus,,N,,,,,,,,
93,Bodianus,loxozonus,Y,1,,,,,,,
93,Centrolabrus,,N,,,,,,,,
93,Cheilinus,bimaculatus,Y,1,,,,,,,
93,Cheilio,,N,,,,,,,,
93,Choerodon,oligacanthus,Y,1,,,,,,,
93,Cirrhilabrus,,N,,,,,,,,
93,Clepticus,parrae,Y,1,,,,,,,
93,Conniella,,N,,,,,,,,
93,Coris,julis;aygula,Y,2,,,,,,,
93,Ctenolabrus,,N,,,,,,,,
93,Cymolutes,,N,,,,,,,,
93,Decodon,puellaris,Y,1,,,,,,,
93,Diproctacanthus,xanthurus,Y,1,,,,,,,
93,Doratonotus,megalepis,Y,1,,,,,,,
93,Dotalabrus,,N,,,,,,,,
93,Epibulus,insidiator,Y,1,,,,,,,
93,Eupetrichthys,,N,,,,,,,,
93,Frontilabrus,,N,,,,,,,,
93,Gomphosus,caeruleus,Y,1,,,,,,,
93,Halichoeres,maculipinna;poeyi;bivittatus;nebulosus;margaritaceus;scapularis;binotopsis;trimaculatus;dispilus,Y,9,,,,,,,
93,Hemigymnus,melapterus,Y,1,,,,,,,
93,Hologymnosus,,N,,,,,,,,
93,Iniistius,dea;pentadactylus,Y,2,,,,,,,
93,Labrichthys,,N,,,,,,,,
93,Labroides,,N,,,,,,,,
93,Labropsis,,N,,,,,,,,
93,Labrus,,N,,,,,,,,
93,Lachnolaimus,,N,,,,,,,,
93,Lappanella,,N,,,,,,,,
93,Larabicus,,N,,,,,,,,
93,Leptojulis,,N,,,,,,,,
93,Macropharyngodon,geoffroy,Y,1,,,,,,,
93,Malapterus,reticulatus,Y,1,,,,,,,
93,Minilabrus,,N,,,,,,,,
93,Notolabrus,,N,,,,,,,,
93,Novaculichthys,taeniourus,Y,1,,,,,,,
93,Novaculoides,,N,,,,,,,,
93,Novaculops,,N,,,,,,,,
93,Ophthalmolepis,,N,,,,,,,,
93,Oxycheilinus,,N,,,,,,,,
93,Oxyjulis,californica,Y,1,,,,,,,
93,Paracheilinus,,N,,,,,,,,
93,Parajulis,,N,,,,,,,,
93,Pictilabrus,,N,,,,,,,,
93,Polylepion,,N,,,,,,,,
93,Pseudocheilinops,,N,,,,,,,,
93,Pseudocheilinus,hexataenia,Y,1,,,,,,,
93,Pseudocoris,,N,,,,,,,,
93,Pseudodax,moluccanus,Y,1,,,,,,,
93,Pseudojuloides,,N,,,,,,,,
93,Pseudolabrus,,N,,,,,,,,
93,Pteragogus,,N,,,,,,,,
93,Sagittalarva,,N,,,,,,,,
93,Semicossyphus,pulcher,Y,1,,,,,,,
93,Stethojulis,balteata;bandanensis,Y,2,,,,,,,
93,Suezichthys,,N,,,,,,,,
93,Symphodus,ocellatus;mediterraneus,Y,2,,,,,,,
93,Tautoga,onitis,Y,1,,,,,,,
93,Tautogolabrus,,N,,,,,,,,
93,Terelabrus,,N,,,,,,,,
93,Thalassoma,bifasciatum,Y,1,,,,,,,
93,Wetmorella,,N,,,,,,,,
93,Xenojulis,margaritaceus,Y,1,,,,,,,
93,Xiphocheilus,,N,,,,,,,,
93,Xyrichtys,novacula,Y,1,,,,,,,
94,Bolbometopon,,N,,,,,,,,
94,Calotomus,,N,,,,,,,,
94,Cetoscarus,,N,,,,,,,,
94,Chlorurus,bleekeri,Y,1,,,,,,,
94,Cryptotomus,roseus,Y,1,,,,,,,
94,Hipposcarus,,N,,,,,,,,
94,Leptoscarus,vaigiensis,Y,1,,,,,,,
94,Nicholsina,,N,,,,,,,,
94,Scarus,,N,,,,,,,,
94,Sparisoma,chrysopterum;radians,Y,2,,,,,,,
95,Acanthistius,,N,,,,,,,,
95,Aethaloperca,,N,,,,,,,,
95,Alphestes,,N,,,,,,,,
95,Anatolanthias,,N,,,,,,,,
95,Anthias,,N,,,,,,,,
95,Anyperodon,,N,,,,,,,,
95,Aporops,,N,,,,,,,,
95,Aulacocephalus,,N,,,,,,,,
95,Baldwinella,,N,,,,,,,,
95,Bathyanthias,,N,,,,,,,,
95,Belonoperca,,N,,,,,,,,
95,Bullisichthys,,N,,,,,,,,
95,Caesioperca,,N,,,,,,,,
95,Caesioscorpis,,N,,,,,,,,
95,Caprodon,,N,,,,,,,,
95,Centropristis,,N,,,,,,,,
95,Cephalopholis,,N,,,,,,,,
95,Chelidoperca,,N,,,,,,,,
95,Choranthias,,N,,,,,,,,
95,Cratinus,,N,,,,,,,,
95,Cromileptes,,N,,,,,,,,
95,Dactylanthias,,N,,,,,,,,
95,Dermatolepis,,N,,,,,,,,
95,Diplectrum,,N,,,,,,,,
95,Diploprion,,N,,,,,,,,
95,Dules,,N,,,,,,,,
95,Epinephelides,,N,,,,,,,,
95,Epinephelus,nigritus,Y,1,,,,,,,
95,Giganthias,,N,,,,,,,,
95,Gonioplectrus,,N,,,,,,,,
95,Gracila,,N,,,,,,,,
95,Grammistes,,N,,,,,,,,
95,Grammistops,,N,,,,,,,,
95,Hemanthias,,N,,,,,,,,
95,Hemilutjanus,,N,,,,,,,,
95,Holanthias,,N,,,,,,,,
95,Hypoplectrodes,,N,,,,,,,,
95,Hypoplectrus,,N,,,,,,,,
95,Hyporthodus,,N,,,,,,,,
95,Jeboehlkia,,N,,,,,,,,
95,Lepidoperca,,N,,,,,,,,
95,Liopropoma,,N,,,,,,,,
95,Luzonichthys,,N,,,,,,,,
95,Meganthias,,N,,,,,,,,
95,Mycteroperca,,N,,,,,,,,
95,Nemanthias,,N,,,,,,,,
95,Niphon,,N,,,,,,,,
95,Odontanthias,,N,,,,,,,,
95,Othos,,N,,,,,,,,
95,Paralabrax,,N,,,,,,,,
95,Paranthias,,N,,,,,,,,
95,Parasphyraenops,,N,,,,,,,,
95,Plectranthias,,N,,,,,,,,
95,Plectropomus,,N,,,,,,,,
95,Pogonoperca,,N,,,,,,,,
95,Pronotogrammus,,N,,,,,,,,
95,Pseudanthias,,N,,,,,,,,
95,Pseudogramma,,N,,,,,,,,
95,Rabaulichthys,,N,,,,,,,,
95,Rainfordia,,N,,,,,,,,
95,Rypticus,,N,,,,,,,,
95,Sacura,,N,,,,,,,,
95,Saloptia,,N,,,,,,,,
95,Schultzea,,N,,,,,,,,
95,Selenanthias,,N,,,,,,,,
95,Serraniculus,,N,,,,,,,,
95,Serranocirrhitus,,N,,,,,,,,
95,Serranus,,N,,,,,,,,
95,Suttonia,,N,,,,,,,,
95,Tosana,,N,,,,,,,,
95,Tosanoides,,N,,,,,,,,
95,Trachypoma,,N,,,,,,,,
95,Triso,,N,,,,,,,,
95,Variola,,N,,,,,,,,
95,Zalanthias,,N,,,,,,,,
96,Aplodinotus,,N,,,,,,,,
96,Argyrosomus,,N,,,,,,,,
96,Aspericorvina,,N,,,,,,,,
96,Atractoscion,,N,,,,,,,,
96,Atrobucca,,N,,,,,,,,
96,Austronibea,,N,,,,,,,,
96,Bahaba,,N,,,,,,,,
96,Bairdiella,,N,,,,,,,,
96,Boesemania,,N,,,,,,,,
96,Cheilotrema,,N,,,,,,,,
96,Chrysochir,,N,,,,,,,,
96,Cilus,,N,,,,,,,,
96,Collichthys,,N,,,,,,,,
96,Corvula,,N,,,,,,,,
96,Ctenosciaena,,N,,,,,,,,
96,Cynoscion,,N,,,,,,,,
96,Daysciaena,,N,,,,,,,,
96,Dendrophysa,,N,,,,,,,,
96,Elattarchus,,N,,,,,,,,
96,Equetus,,N,,,,,,,,
96,Genyonemus,,N,,,,,,,,
96,Isopisthus,,N,,,,,,,,
96,Johnius,,N,,,,,,,,
96,Kathala,,N,,,,,,,,
96,Larimichthys,,N,,,,,,,,
96,Larimus,,N,,,,,,,,
96,Leiostomus,,N,,,,,,,,
96,Lonchurus,,N,,,,,,,,
96,Macrodon,,N,,,,,,,,
96,Macrospinosa,,N,,,,,,,,
96,Megalonibea,,N,,,,,,,,
96,Menticirrhus,,N,,,,,,,,
96,Micropogonias,,N,,,,,,,,
96,Miichthys,,N,,,,,,,,
96,Miracorvina,,N,,,,,,,,
96,Nebris,,N,,,,,,,,
96,Nibea,,N,,,,,,,,
96,Odontoscion,,N,,,,,,,,
96,Ophioscion,,N,,,,,,,,
96,Otolithes,,N,,,,,,,,
96,Otolithoides,,N,,,,,,,,
96,Pachypops,,N,,,,,,,,
96,Pachyurus,,N,,,,,,,,
96,Panna,,N,,,,,,,,
96,Paralonchurus,,N,,,,,,,,
96,Paranebris,bauchotae,Y,1,,,,,,,
96,Paranibea,,N,,,,,,,,
96,Pareques,,N,,,,,,,,
96,Pennahia,,N,,,,,,,,
96,Pentheroscion,,N,,,,,,,,
96,Petilipinnis,,N,,,,,,,,
96,Plagioscion,,N,,,,,,,,
96,Pogonias,,N,,,,,,,,
96,Protonibea,,N,,,,,,,,
96,Protosciaena,,N,,,,,,,,
96,Pseudotolithus,,N,,,,,,,,
96,Pteroscion,,N,,,,,,,,
96,Pterotolithus,,N,,,,,,,,
96,Roncador,,N,,,,,,,,
96,Sciaena,,N,,,,,,,,
96,Sciaenops,,N,,,,,,,,
96,Seriphus,,N,,,,,,,,
96,Sonorolux,,N,,,,,,,,
96,Stellifer,,N,,,,,,,,
96,Totoaba,,N,,,,,,,,
96,Umbrina,,N,,,,,,,,
97,Perca,,N,,,,,,,,
98,Amphichaetodon,,N,,,,,,,,
98,Chaetodon,,N,,,,,,,,
98,Chelmon,,N,,,,,,,,
98,Chelmonops,,N,,,,,,,,
98,Coradion,,N,,,,,,,,
98,Forcipiger,,N,,,,,,,,
98,Hemitaurichthys,,N,,,,,,,,
98,Heniochus,,N,,,,,,,,
98,Johnrandallia,,N,,,,,,,,
98,Parachaetodon,,N,,,,,,,,
98,Prognathodes,,N,,,,,,,,
98,Roa,,N,,,,,,,,
99,Amblyrhynchotes,,N,,,,,,,,
99,Arothron,manilensis;hispidus;nigropunctatus;meleagris;immaculatus;diadematus;mappa,Y,7,,,,,,,
99,Auriglobus,silus;modestus,Y,2,,,,,,,
99,Canthigaster,figueiredoi;rostrata;solandri;punctatissima;coronata;valentini;jactator;bennetti,Y,8,,,,,,,
99,Carinotetraodon,lorteti,Y,1,,,,,,,
99,Chelonodon,pleurospilus,Y,1,,,,,,,
99,Chonerhinos,,N,,,,,,,,
99,Colomesus,psittacus;tocantinensis,Y,,,,,,,,
99,Contusus,richei,Y,1,,,,,,,
99,Ephippion,,N,,,,,,,,
99,Feroxodon,,N,,,,,,,,
99,Guentheridia,,N,,,,,,,,
99,Javichthys,,N,,,,,,,,
99,Lagocephalus,laevigatus;lagocephalus;sceleratus;inermis;lunaris;guentheri,Y,6,,,,,,,
99,Marilyna,pleurosticta,Y,1,,,,,,,
99,Omegophora,armilla,Y,1,,,,,,,
99,Pao,leiurus;cambodgiensis;suvatti,Y,3,,,,,,,
99,Pelagocephalus,marki,Y,1,,,,,,,
99,Polyspina,,N,,,,,,,,
99,Reicheltia,,N,,,,,,,,
99,Sphoeroides,lobatus;testudineus;maculatus;pachygaster;parvus;nephelus;spengleri;dorsalis;lispus,Y,9,,,,,,,
99,Takifugu,oblongus,Y,1,,,,,,,
99,Tetractenos,,N,,,,,,,,
99,Tetraodon,miurus;erythrotaenia;pustulatus;lineatus,Y,4,,,,,,,
99,Torquigener,,N,,,,,,,,
99,Tylerius,spinosissimus,Y,1,,,,,,,
100,Abalistes,,N,,,,,,,,
100,Balistapus,undulatus,Y,1,,,,,,,
100,Balistes,chrysopterus;polylepis,Y,2,,,,,,,
100,Balistoides,,N,,,,,,,,
100,Canthidermis,macrolepis,Y,1,,,,,,,
100,Melichthys,niger,Y,1,,,,,,,
100,Odonus,niger,Y,1,,,,,,,
100,Pseudobalistes,,N,,,,,,,,
100,Rhinecanthus,aculeatus;verrucosus,Y,2,,,,,,,
100,Sufflamen,,N,,,,,,,,
100,Xanthichthys,,N,,,,,,,,
100,Xenobalistes,,N,,,,,,,,